A.28	nsp1#V86F nsp2#P129S nsp3#D110Y nsp5#A266T nsp13#A52V nsp13#D260Y S#IHV68I ORF2b#YMS8S S#N501T S#E583D S#H655Y ORF3a#S171L ORF8#P38L ORF8#G77V ORF8#L84S N#A35V ORF9b#R32C N#S202N ORF9c#V49I ORF10#Q29*
AM.4	nsp2#K618N nsp3#L1259F nsp7#A42V nsp8#N176K nsp12#I244T nsp12#P323L nsp13#D101G S#D614G S#S884F ORF3d#C33Y ORF3d2#C9Y ORF3a#V77I ORF3a#T223I M#R107H ORF7a#T14I N#RG203KR N#RG203KL ORF9c#GE50NE ORF9c#GE50N* ORF9c#T72I
AY.1	nsp2#I42V nsp2#Q134K nsp2#E197D nsp2#P568S nsp3#A488S nsp3#P1228L nsp3#P1469S nsp3#M1592V nsp3#V1759A nsp4#T54I nsp4#N131D nsp4#V167L nsp4#T492I nsp6#T77A nsp6#V139M nsp12#T26I nsp12#P323L nsp12#A449V nsp12#G671S nsp12#K807N nsp13#P77L nsp14#A119V nsp14#A394V nsp15#M218I S#L5F S#T19R S#T95I S#G142D S#W152L S#EFR156G S#W258L S#K417N S#L452R S#T478K S#D614G S#P681R S#D950N S#G1131R ORF3a#L15F ORF3a#S26L ORF3c#Q5* ORF3a#Y141C ORF3b#M1V ORF3a#Q185H ORF3a#P240Z M#I82T ORF6#R20S ORF7a#V82A ORF7a#T120I ORF7b#T40I ORF8#W45R ORF8#DFI119I N#D63G ORF9b#T60A N#R203M ORF9c#G50W N#G215C N#K355N N#D377Y
AY.12	nsp2#K81N nsp3#A488S nsp3#L1035I nsp3#P1228L nsp3#K1260E nsp3#P1469S nsp4#V167L nsp4#T492I nsp6#T77A nsp12#P323L nsp12#G671S nsp13#P77L nsp13#P504S nsp14#A394V nsp15#L331F S#T19R S#T95I S#G142D S#EFR156G S#L452R S#T478K S#D614G S#P681R S#T791I S#D950N S#G1219V ORF3a#S26L ORF3c#Q5* ORF3a#P42S M#I82T ORF6#E54* ORF7a#I3S ORF7a#P45L ORF7a#V82A ORF7a#T120I ORF7b#T40I ORF8#R52I ORF8#DFI119I N#D63G ORF9b#T60A N#R203M ORF9c#G50W N#G215C N#P364L N#D377Y N#P383L
AY.14	nsp2#P129L nsp2#S358A nsp3#P822L nsp4#A446V nsp6#V149A nsp12#P323L nsp12#G671S nsp13#P77L nsp13#K460R nsp13#Q518H nsp14#P46L nsp14#S374F nsp16#M20I S#T19R S#G142D S#EFR156G S#L452R S#T478K S#D614G S#P681R S#D950N ORF3a#S26L ORF3c#Q5* M#I82T ORF7a#V82A ORF7a#L116F ORF7a#T120I ORF8#DFI119I N#D63G ORF9b#T60A N#R203M ORF9c#G50W N#D377Y
AY.20	nsp2#A419V nsp3#A488S nsp3#P1228L nsp3#P1469S nsp4#V167L nsp4#T492I nsp5#L75F nsp6#T77A nsp8#T148N nsp12#P323L nsp12#G671S nsp13#P77L nsp14#A394V nsp16#V194I S#L5F S#T19R S#T95I S#K97E S#G142D S#EFR156G S#L452R S#T478K S#D614G S#P681R S#D950N S#V1104L S#V1177I ORF3a#S26L ORF3c#Q5* M#I82T ORF7a#V82A ORF7a#T120I ORF7b#T40I ORF8#DFI119I N#D63G ORF9b#T60A N#R203M ORF9c#G50W N#G215C N#D377Y
AY.23	nsp1#GHVM82V nsp1#E102A nsp1#G146C nsp1#D147Y nsp2#K67R nsp2#V94I nsp2#A159V nsp2#N168S nsp2#S196L nsp2#P200L nsp2#A294T nsp2#A318V nsp2#T497I nsp2#A507V nsp3#S126P nsp3#V325F nsp3#V469L nsp3#A488S nsp3#T678I nsp3#T740I nsp3#L744S nsp3#P822S nsp3#R827K nsp3#L917V nsp3#S1023F nsp3#K1042R nsp3#P1187S nsp3#S1206L nsp3#P1228L nsp3#T1250I nsp3#G1273D nsp3#T1334I nsp3#T1363I nsp3#T1446I nsp3#P1469S nsp3#L1718V nsp3#E1733G nsp3#A1798V nsp4#V167L nsp4#T204I nsp4#R303K nsp4#R305K nsp4#T327I nsp4#T492I nsp5#V125I nsp5#T243I nsp5#A260S nsp6#L37F nsp6#T77A nsp6#D134N nsp6#L259Q nsp7#A48V nsp7#K70N nsp8#A3V nsp8#A74S nsp9#T64A nsp11#S6L nsp12#S6L nsp12#D155G nsp12#P323L nsp12#K478N nsp12#V605I nsp12#G671S nsp12#K718N nsp12#Q724L nsp12#D824Y nsp12#P873S nsp13#P77L nsp13#A368V nsp13#A368T nsp13#R392C nsp14#G59S nsp14#D211Y nsp14#V287F nsp14#R289H nsp14#A394V nsp14#M501I nsp14#R525K nsp15#A171V nsp15#D219N nsp16#V61I nsp16#R216N nsp16#Q238H S#L5F S#T19R S#P26L S#A27T S#L54F ORF2b#T39I S#G142D S#EFR156G S#P217S S#A352S S#Q409L S#G446V S#L452R S#L452Q S#T478K S#A570S S#D614G S#P681R S#S929I S#S940F S#D950N S#K1073N S#V1104I S#K1181I S#K1205N S#C1250F S#E1262V S#V1264L ORF3a#S26L ORF3c#Q5* ORF3a#D27N ORF3c#S22L ORF3d#L30P ORF3d2#L6P ORF3a#S74P ORF3a#E102V ORF3a#Y107H ORF3a#D155Y ORF3a#V259L M#V10I M#I82T M#S214C ORF6#L4I ORF6#R20S ORF6#Q51R ORF6#Q56L ORF7a#A50S ORF7a#V82A ORF7a#T120I ORF7b#T40I ORF8#I47V ORF8#A51V ORF8#V62L ORF8#DFI119I ORF9b#E7G ORF9b#P10L ORF9b#P17L N#S33C N#K38R ORF9b#N35D N#D63G ORF9b#T60A N#Q83E N#A119S N#P151L ORF9c#T19M ORF9c#Q20L N#R203M ORF9c#G50W N#G215C N#K370N N#D377Y ORF10#F7L ORF10#R24C ORF10#R24L
AY.24	nsp2#D23N nsp2#E53G nsp2#S138L nsp2#L180V nsp2#G339S nsp2#A510V nsp3#G76S nsp3#A316T nsp3#T459A nsp3#I733V nsp3#P822L nsp3#A861V nsp3#T864I nsp3#D1108N nsp3#S1212L nsp3#N1247D nsp3#I1683T nsp4#P187T nsp4#A446V nsp4#A472V nsp5#M17I nsp5#P241L nsp6#L37F nsp6#V149A nsp6#T181I nsp7#M3I nsp8#P10S nsp12#Q81E nsp12#T276M nsp12#P323L nsp12#G671S nsp13#P77L nsp13#S236I nsp14#V125F nsp14#D379G nsp15#A81V S#T19R ORF2b#P13L S#G142D S#N148T S#EFR156G S#A222V S#A288V S#L452R S#T478K S#D614G S#P681R S#D950N S#E1207D ORF3a#A23V ORF3a#S26L ORF3c#Q5* ORF3a#T64I ORF3a#S92L ORF3a#P104S ORF3b#T14M M#I82T M#I201V ORF7a#V82A ORF7a#T120I ORF8#DFI119I N#G34W N#D63G ORF9b#T60A N#A134V N#D144H ORF9c#T39I N#R203M ORF9c#G50W ORF9c#M60I N#G214C N#T271I N#T366I N#D377Y
AY.25	nsp1#H83Y nsp3#D136G nsp3#D410G nsp3#A488S nsp3#T734S nsp3#I1192T nsp3#P1228L nsp3#P1469S nsp3#I1567V nsp4#V167L nsp4#T492I nsp6#T77A nsp6#C197F nsp12#P323L nsp12#G671S nsp13#P77L nsp14#G44S nsp14#A394V S#T19R S#G75V ORF2b#V15L S#S112L S#G142D S#EFR156G S#L452R S#T478K S#D614G S#P681R S#D950N ORF3a#S26L ORF3c#Q5* ORF3d#T49I ORF3d2#T25I ORF3a#H93Y ORF3d#P57H ORF3d2#P33H ORF3a#L101I ORF3a#E239Q M#I82T ORF7a#V82A ORF7a#T120I ORF7b#T40I ORF8#V5VZ ORF8#DFI119I N#P20L ORF9b#P17S N#D63G ORF9b#T60A N#R203M N#R203T ORF9c#G50W ORF9c#G50R N#G215C N#D377Y
AY.3	nsp2#E37D nsp3#A488S nsp3#P1228L nsp3#P1469S nsp3#W1509C nsp4#V167L nsp4#T492I nsp6#T77A nsp6#I162V nsp8#T141M nsp12#P323L nsp12#G671S nsp13#P77L nsp14#R205C nsp14#A394V S#T19R S#G142D S#EFR156G S#L452R S#T478K S#D614G S#P681R S#D950N ORF3a#S26L ORF3c#Q5* M#I82T ORF7a#V82A ORF7a#S83L ORF7a#T120I ORF7b#T40I ORF8#D107DZ ORF8#DFI119I N#D63G ORF9b#T60A N#R203M ORF9c#G50W N#G215C N#D377Y
AY.4	nsp1#A138V nsp2#T223I nsp2#G339S nsp2#G481S nsp2#T634I nsp3#T398N nsp3#A488S nsp3#V766L nsp3#M829I nsp3#K839R nsp3#T942I nsp3#P1228L nsp3#L1304F nsp3#T1465I nsp3#P1469S nsp3#A1711V nsp4#H36Y nsp4#V167L nsp4#H313Y nsp4#T492I nsp6#A56V nsp6#T77A nsp6#M143I nsp6#V190F nsp6#K270N nsp9#T109I nsp12#V190L nsp12#P323L nsp12#G671S nsp12#D879N nsp13#P77L nsp13#S236I nsp14#A85S nsp14#P203S nsp14#D324N nsp14#A394V nsp14#S418I nsp15#T114A nsp15#P262S nsp15#V320L nsp16#S276I nsp16#R287I S#T19R S#T95I S#G142D S#EFR156G S#L452R S#T478K S#D614G S#P681R S#D950N ORF3a#S26L ORF3c#Q5* ORF3c#R15L ORF3d#W56L ORF3d2#W32L ORF3a#G100C ORF3a#V197A M#I82T ORF7a#P45S ORF7a#H73Y ORF7a#V82A ORF7a#L112I ORF7a#T120I ORF7b#T40I ORF8#S67F ORF8#DFI119I N#D63G ORF9b#T60A N#R203M ORF9c#G50W N#G215C N#S232G N#T362I N#D377Y N#Q389H
AY.5	nsp3#A488S nsp3#P1228L nsp3#P1469S nsp3#Y1535H nsp4#V167L nsp4#T492I nsp6#T77A nsp12#P323L nsp12#G671S nsp13#P77L nsp14#A394V S#T19R S#G142D S#EFR156G S#L452R S#T478K S#D614G S#P681R S#D950N ORF3a#S26L ORF3c#Q5* ORF3a#I35T ORF3c#Y14H M#I82T ORF7a#V82A ORF7a#T120I ORF7b#T40I ORF8#DFI119I N#D63G ORF9b#T60A N#R203M ORF9c#G50W N#G215C N#S327L N#D377Y
AY.6	nsp2#D511N nsp3#T64I nsp3#A488S nsp3#N737D nsp3#P1228L nsp3#P1469S nsp4#V167L nsp4#T492I nsp6#L37F nsp6#T77A nsp12#P323L nsp12#G671S nsp13#P77L nsp13#E365D nsp14#A394V S#T19R S#G142D S#EFR156G S#L452R S#T478K S#D614G S#P681R S#D950N ORF3a#S26L ORF3c#Q5* M#I82T ORF7a#V82A ORF7a#T120I ORF7b#T40I ORF8#DFI119I N#D63G ORF9b#T60A N#R203M ORF9c#G50W N#G215C N#D377Y
AY.7.2	nsp3#A488S nsp3#P1228L nsp3#P1469S nsp4#V167L nsp4#T492I nsp6#T77A nsp9#Q11H nsp12#P323L nsp12#G671S nsp13#P77L nsp14#A394V nsp16#S248I S#T19R S#G142D S#EFR156G S#L452R S#T478K S#D614G S#P681R S#D950N ORF3a#G18V ORF3a#S26L ORF3c#Q5* M#I82T ORF7a#C58F ORF7a#A79D ORF7a#V82A ORF7a#T120I ORF7b#T40I ORF8#DFI119I N#D63G ORF9b#T60A N#R203M ORF9c#G50W N#G215C N#D377Y
AY.9	nsp2#A488V nsp3#T725A nsp3#P822L nsp4#A92T nsp4#A446V nsp6#V149A nsp6#T181I nsp12#R197Q nsp12#P323L nsp12#G671S nsp13#P77L nsp14#T16I nsp14#D324Y S#T19R S#G142D S#EFR156G S#A222V S#L452R S#T478K S#D614G S#H655Y S#P681R S#D950N S#D1118Y ORF3a#S26L ORF3c#Q5* M#I82T ORF7a#V82A ORF7a#T120I ORF8#DFI119I N#R14L ORF9b#A11S N#D63G ORF9b#T60A N#R203M ORF9c#G50W N#D377Y
B	nsp2#E167V nsp6#L37F S#S254F ORF3a#G251V
B.1	nsp1#R24C nsp1#S100G nsp1#D139G nsp1#KSFD141D nsp2#P13L nsp2#K45N nsp2#R46K nsp2#T85I nsp2#N133D nsp2#K142R nsp2#T166I nsp2#G265V nsp2#S351R nsp2#V364A nsp2#T528I nsp2#P568L nsp2#K618N nsp3#K38R nsp3#D80E nsp3#S126L nsp3#E195D nsp3#V207L nsp3#S288N nsp3#H290Y nsp3#N303T nsp3#S370L nsp3#V418F nsp3#E493G nsp3#K497R nsp3#A534T nsp3#T720I nsp3#R810C nsp3#K837N nsp3#L858I nsp3#T864I nsp3#T1063I nsp3#D1085Y nsp3#T1189I nsp3#T1198K nsp3#P1228L nsp3#T1482I nsp3#T1677I nsp3#A1796V nsp3#D1809Y nsp3#S1813P nsp3#Q1884H nsp4#V30I nsp4#E141D nsp4#R303S nsp4#S312N nsp4#L353F nsp4#S386F nsp4#A446V nsp5#V18I nsp5#P96L nsp6#L37F nsp6#M47V nsp6#M86I nsp6#A88V nsp6#SGFK106K nsp6#A119S nsp6#V149F nsp7#S25L nsp8#S85N nsp8#T141M nsp10#T58I nsp10#P84S nsp10#T102I nsp12#N88S nsp12#P94L nsp12#A97V nsp12#P323L nsp12#P323H nsp12#D445G nsp12#Y546C nsp12#T643I nsp12#S647I nsp12#M666I nsp12#M666T nsp12#M899I nsp13#T127I nsp13#S166L nsp13#M233I nsp13#H290Y nsp13#A338V nsp13#E341D nsp13#T367I nsp13#R392C nsp13#V452L nsp13#D542G nsp13#A598S nsp14#T16N nsp14#E204D nsp14#D258G nsp15#D39Y nsp15#V66L nsp15#K109N nsp15#D132N nsp15#I269F nsp15#C290F nsp16#T35I nsp16#V167L nsp16#H186Y nsp16#G208A nsp16#R216N nsp16#Q238H S#L5F S#L18F S#T20I ORF2b#S10F ORF2b#T21I ORF2b#S23F S#T95I S#G142V S#V143F S#VY143D S#F186S S#T470K S#S477N S#A522V S#D614G S#Q675H S#P681L S#M731I S#S813I S#A845S S#A899S S#I909V S#H1159Y S#G1219V S#S1242I ORF3a#T14I ORF3a#S40L ORF3c#H19Y ORF3a#G44V ORF3c#D23Y ORF3a#A54V ORF3a#Q57H ORF3c#R36I ORF3d#E14* ORF3d#L48F ORF3d2#L24F ORF3d#P50L ORF3d2#P26L ORF3a#L94F ORF3a#F120C ORF3a#T151N ORF3b#L11I ORF3a#D155Y ORF3a#S171L ORF3a#G172C ORF3a#T176I ORF3a#S216P ORF3a#T223I ORF3a#N234T ORF3a#VN256Z ORF3a#NPVM257M ORF3a#NPVME257E ORF3a#E261* E#L21F M#K15M M#K166R ORF6#LIIMRTFKVSIWNLDYIINLII16Z ORF7a#YQL75* ORF7a#E92K ORF7b#D8E ORF7b#F13Z ORF8#Q18* ORF8#S24L ORF8#Y46C ORF8#A51V N#P13L ORF9b#P10S N#G18V ORF9b#V15L N#S186F ORF9c#P33S N#S187L ORF9c#H34Y ORF9c#T39I N#S193I ORF9c#V40F N#S194L ORF9c#Q41* N#R195K ORF9c#E42K N#P199L ORF9c#Q46* N#RG203KR ORF9c#GE50NE ORF9c#GE50KE N#T205I ORF9c#L52F N#P207S N#R209I N#R209K N#R209S ORF9c#E56* ORF9c#E56K ORF9c#E56A N#N213Y N#G214V ORF9c#A61S N#M234I N#D377Y N#T379I N#Q409L ORF10#P10L
B.1.1	nsp1#L16F nsp1#V20G nsp1#R24C nsp1#G49D nsp1#VMV84V nsp1#R119C nsp1#V121F nsp2#D23N nsp2#R46K nsp2#E89D nsp2#P125S nsp2#A127V nsp2#T170I nsp2#G228S nsp2#V230M nsp2#S232A nsp2#N254D nsp2#V259F nsp2#E261D nsp2#G265V nsp2#N269D nsp2#G339S nsp2#E345G nsp2#A361V nsp2#I389L nsp2#T412I nsp2#N413S nsp2#T422A nsp2#V425F nsp2#Q427H nsp2#D449G nsp2#C475Y nsp2#L501F nsp2#K519E nsp2#T528I nsp2#T547I nsp2#G548C nsp2#T590I nsp3#R30M nsp3#G76D nsp3#T86I nsp3#E95D nsp3#S126L nsp3#E143G nsp3#E154G nsp3#T183I nsp3#M196I nsp3#E206G nsp3#D218G nsp3#V253I nsp3#V299I nsp3#V325F nsp3#A333S nsp3#D339G nsp3#P340S nsp3#T353A nsp3#K412N nsp3#L431F nsp3#V453I nsp3#M560I nsp3#S660F nsp3#T725K nsp3#H727Y nsp3#V752L nsp3#Q775R nsp3#T779I nsp3#S794L nsp3#K837N nsp3#A861V nsp3#T864I nsp3#E906G nsp3#K945N nsp3#I967T nsp3#T970M nsp3#K1037N nsp3#T1063I nsp3#K1077E nsp3#P1103L nsp3#P1103S nsp3#D1122A nsp3#V1176A nsp3#S1197I nsp3#S1197G nsp3#T1198I nsp3#V1201F nsp3#S1206L nsp3#Q1216H nsp3#T1319A nsp3#P1326L nsp3#T1336I nsp3#T1365I nsp3#P1403L nsp3#S1406F nsp3#S1424F nsp3#S1443F nsp3#T1465I nsp3#V1506F nsp3#A1526V nsp3#A1570V nsp3#G1691S nsp3#K1693N nsp3#T1714I nsp3#C1731F nsp3#Q1745H nsp3#K1771R nsp3#N1785D nsp3#E1789D nsp3#K1804N nsp3#D1809N nsp3#Q1842R nsp3#Q1884H nsp4#H36Y nsp4#T37I nsp4#T83I nsp4#A87V nsp4#N131D nsp4#T147I nsp4#D279N nsp4#T295I nsp4#M324I nsp4#L353F nsp4#A380V nsp4#R401H nsp4#L438P nsp4#T492I nsp5#V20L nsp5#L75F nsp5#K90R nsp5#A94V nsp5#P132L nsp5#T169I nsp5#A234V nsp5#M235I nsp5#A260V nsp6#L37F nsp6#E39K nsp6#M58V nsp6#V84F nsp6#V149F nsp6#M183I nsp6#V190F nsp6#E195D nsp6#I210V nsp7#L17F nsp7#S25L nsp7#L71F nsp7#M75I nsp8#A45V nsp8#R51C nsp8#R51L nsp8#T145I nsp8#A152V nsp8#E155G nsp8#S170G nsp8#M174T nsp8#T187I nsp9#T19I nsp9#T21I nsp9#L42F nsp9#R74K nsp10#P84S nsp11#S6L nsp12#S6L nsp12#A97V nsp12#S229N nsp12#V257F nsp12#P323L nsp12#L329I nsp12#A379S nsp12#M629I nsp12#L630F nsp12#T643I nsp12#T644M nsp12#S664G nsp12#T806I nsp12#Q822E nsp13#P77L nsp13#S80G nsp13#H164Y nsp13#G206V nsp13#S236I nsp13#V247F nsp13#L256F nsp13#M274I nsp13#A296S nsp13#E365D nsp13#R392C nsp13#P504S nsp13#L581F nsp14#A1S nsp14#T16I nsp14#G37C nsp14#P43L nsp14#V125F nsp14#V125I nsp14#S134F nsp14#H188Y nsp14#E204D nsp14#V263F nsp14#K311N nsp14#V328I nsp14#D345Y nsp14#H455R nsp14#Y511H nsp14#T516I nsp15#K12N nsp15#N28D nsp15#T48I nsp15#W58F nsp15#V66L nsp15#A92V nsp15#E113G nsp15#V127F nsp15#V131L nsp15#V141I nsp15#A160V nsp15#V165A nsp15#A171S nsp16#V9F nsp16#A34V nsp16#T56I nsp16#A83T nsp16#L126F nsp16#L163F nsp16#P236L nsp16#Q238H nsp16#G265V nsp16#M270I S#L5F S#V6F S#S12F S#R21G S#T22I S#P26S S#A27S S#L54F S#H66QZ ORF2b#M6K S#IHV68I ORF2b#YMS8S S#R78M ORF2b#G18C ORF2b#L19F S#D80Y S#T95I S#S98F ORF2b#T39I S#D138Y S#VY143V S#W152L S#M153T S#R158S S#P174S S#M177T S#M177K S#D178H S#D178N S#N185D S#V213M S#S221L S#A222V S#S254F S#T259I S#T286I S#T307I S#R346K S#R408I S#L452R S#S477N S#T478K S#E484K S#E484Q S#T572I S#D614G S#E654Q S#Q677H S#N679K S#P681H S#P681L S#E702Q S#D796Y S#P812R S#D839V S#S939F S#K1045M S#K1149R S#V1176F S#E1202Q S#Q1208H S#G1219C S#V1228L ORF3a#T12I ORF3a#V13L ORF3a#S26L ORF3c#Q5* ORF3c#Q5H ORF3a#D27Y ORF3c#L10P ORF3a#A33S ORF3d#R6H ORF3a#V50I ORF3c#L32F ORF3d#C10F ORF3a#A54S ORF3d#N20S ORF3a#T64A ORF3d#Q22* ORF3a#W69C ORF3d#A26S ORF3d2#A2S ORF3a#V77A ORF3d#V41F ORF3d2#V17F ORF3a#L86F ORF3d#V43F ORF3d2#V19F ORF3a#YA109S ORF3a#A110V ORF3a#W131C ORF3b#I10M ORF3a#T151I ORF3a#T151A ORF3a#S166L ORF3a#S171L ORF3a#G172V ORF3a#D173Y ORF3a#G174C ORF3a#T175I ORF3a#W193C ORF3a#V202I ORF3a#F207C ORF3a#Y211C ORF3a#T223I ORF3a#T223N ORF3a#G224C ORF3a#G224V ORF3a#G224D ORF3a#N234Y ORF3a#VN256Z ORF3a#T268M ORF3a#L275F E#L21F E#A41V M#A2V M#L29F M#C33S M#V66G M#A69S M#I82S M#M91I M#L129Q M#R158H M#S214I ORF7a#P34L ORF7a#T39I ORF7a#P45L ORF7a#FSTQFA59Z ORF7a#A64S ORF7a#VSPKLFIRQEEVQELYSPIFLIVAAIVFITLCFTLKRKTE*82Z ORF7a#L86M ORF7a#V93I ORF7a#L96F ORF7a#I103V ORF7a#F114L ORF7a#TE*120Z ORF7b#F13Z ORF7b#L32F ORF7b#T40I ORF7b#TCHA*40Z ORF8#T11I ORF8#C20F ORF8#T26I ORF8#H40Y ORF8#YSKWYIRVGARKSAPLIELCVDEAGSKSPIQYIDIGNYTVSCLP42Z ORF8#A51V ORF8#L57F ORF8#V62L ORF8#V62M ORF8#G66C ORF8#S67F ORF8#P70L ORF8#T87I ORF8#VR100KR ORF8#RCSFY101QHERH ORF8#E106Q ORF8#E106Z ORF8#D107Y ORF8#D113Y ORF8#V117F ORF8#L118V ORF8#D119Y ORF8#F120FZ ORF8#F120LZ N#Q7K N#Q7R ORF9b#K4E N#P13L N#P13S ORF9b#P10S N#I15T ORF9b#R13H ORF9b#P17L ORF9b#Q18H N#D22Y N#G34W ORF9b#G38V ORF9b#L61S ORF9b#K67R N#P80R ORF9b#Q77E ORF9b#M78T N#D103N N#D144Y N#D144G ORF9c#S4L ORF9c#T39I N#S194L ORF9c#Q41* ORF9c#I43T ORF9c#A48AZ N#RG203KR N#RG203KL ORF9c#GE50NE ORF9c#GE50N* N#AR208G ORF9c#LE55E ORF9c#L55P N#R209I ORF9c#E56* N#M210I ORF9c#W57L ORF9c#W57C N#A211S N#G212C N#G215S N#M234I N#G238C N#Q240L N#G243C N#S250T N#A251S N#Y268F N#V270L N#T282I N#T296I N#M322I N#P326S N#P365S N#T366I N#D371Y N#K374N N#D377Y N#Q384R N#A398V N#D415N ORF10#F7C ORF10#V32L ORF10#L37F
B.1.1.1	nsp1#K120N nsp2#S122F nsp3#T428I nsp3#A1305V nsp3#I1411V nsp5#G15S nsp8#N100S nsp12#P323L nsp12#Q822H S#M153I S#A352S S#D614G ORF3a#I20T ORF3b#M1I ORF3a#D142N ORF7a#A106S ORF8#G8* N#R195I ORF9c#E42* N#RG203KR ORF9c#GE50NE ORF10#Q29*
B.1.1.117	nsp4#D279N nsp4#A380V nsp6#L37F nsp12#P323L S#D614G S#A688V ORF3a#S26L ORF3c#Q5* N#G200D ORF9c#A47T N#RG203KR ORF9c#GE50NE
B.1.1.121	nsp2#S358L nsp6#V149A nsp12#P323L S#F490S S#D614G M#A63S ORF7a#V104I N#RG203KR ORF9c#GE50NE
B.1.1.159	nsp2#V576F nsp3#K1382N nsp4#T113I nsp4#T189I nsp4#D217A nsp4#L264F nsp6#L37F nsp12#P323L nsp14#M72I nsp14#A119V nsp16#P7S nsp16#A168S S#D614G ORF3d#S9F ORF3a#L53F ORF3a#G224C ORF7b#FLA13Z N#P6L ORF9b#P3S N#RG203KR ORF9c#GE50NE
B.1.1.16	nsp2#D615N nsp3#Y103C nsp3#E124G nsp3#M196I nsp3#S1314G nsp6#L37F nsp12#P323L nsp13#G415C nsp13#T431N nsp14#S137G nsp14#D211N S#D614G S#A892S N#RG203KR ORF9c#GE50NE
B.1.1.163	nsp1#D144N nsp3#T1063I nsp3#S1734P nsp3#A1769S nsp4#S34F nsp6#V84F nsp12#P323L nsp14#L157F ORF2b#S10F S#P330S S#S494P S#D614G S#P681H ORF3a#G224C N#Q160R ORF9c#N7D N#RG203KR ORF9c#GE50NE
B.1.1.170	nsp3#P822H nsp9#D47N nsp12#P323L S#D614G S#P812L ORF3a#L129F ORF3a#G224C N#RG203KR ORF9c#GE50NE
B.1.1.171	nsp2#S211F nsp3#S403P nsp12#P323L nsp13#S100G S#P26S S#D614G N#RG203KR ORF9c#GE50NE N#R209I ORF9c#E56*
B.1.1.182	nsp2#Y49C nsp4#D279N nsp6#A186S nsp12#P323L nsp12#K478N nsp13#D458Y S#D614G ORF3a#G224C N#RG203KR ORF9c#GE50NE
B.1.1.186	nsp2#S494G nsp3#A225V nsp3#A465V nsp3#A534V nsp3#T1063I nsp3#T1429I nsp12#P323L S#D138H S#D614G ORF3d#F16L ORF3a#S60Y ORF3c#P39T ORF7a#K32E N#RG203KR ORF9c#GE50NE N#NGG213N ORF9c#MAV60M
B.1.1.189	nsp2#R27C nsp3#N891D nsp6#L37F nsp12#I66V nsp12#P323L nsp14#E204D S#D614G ORF3a#T151I N#RG203KR ORF9c#GE50NE N#RMAG209S ORF9c#EWLA56A
B.1.1.198	nsp3#T1465I nsp4#A87V nsp12#P323L S#D614G S#A1226V ORF3a#G224C ORF9b#A57V N#RG203KR ORF9c#GE50NE
B.1.1.205	nsp1#P6S nsp3#L1287F nsp12#P323L nsp12#D523Y nsp16#M270I S#D614G S#F823Y N#RG203KR ORF9c#GE50NE
B.1.1.207	nsp2#W450C nsp6#A2V nsp12#P323L nsp13#D466Y nsp15#S154A S#D614G S#P681H S#I805M M#V70F N#RG203KR ORF9c#GE50NE N#T334I
B.1.1.214	nsp1#H110Y nsp1#G146C nsp2#R4C nsp3#T779I nsp3#K837R nsp3#A861V nsp3#T913A nsp3#K1024N nsp3#V1243F nsp3#W1317C nsp3#V1339I nsp4#S197P nsp6#M164T nsp9#T35I nsp12#P323L nsp13#D344G nsp14#P43L nsp15#V314F nsp16#R287I S#A348S S#T523I S#D614G ORF3a#L73P M#M84T N#A90T N#RG203KR ORF9c#GE50NE N#M234I N#T247I
B.1.1.216	nsp2#S305G nsp2#K500E nsp2#G548C nsp3#D117G nsp3#D226Y nsp3#V381I nsp3#P395L nsp3#P1103S nsp4#T83I nsp5#K90R nsp6#M86I nsp8#A27V nsp8#L95F nsp12#I244T nsp12#P323L nsp12#S647I nsp12#T801I nsp12#T870I nsp12#E922D nsp13#G54V nsp13#V57A nsp13#T250I nsp13#A598S nsp14#H82Y nsp14#T250I S#D614G S#A1078S S#E1092D ORF3d#S28I ORF3d2#S4I ORF3a#A72S ORF3d#C33Y ORF3d2#C9Y ORF3a#V77I ORF3d#R53C ORF3d2#R29C ORF3a#P104S ORF3a#A110V ORF3a#T223I ORF3a#P240S ORF6#T21I ORF6#Y49H ORF7a#V71L ORF7a#P99L ORF7b#SLELQDHNETCHA*31Z ORF8#QE18Q ORF8#S67F ORF9b#A57V N#T166I ORF9c#H13Y N#RG203KR ORF9c#GE50NE N#M234I N#D377Y N#Q389H
B.1.1.219	nsp3#M951I nsp3#Q1216L nsp3#T1465I nsp4#C296G nsp12#P323L nsp12#G671C S#D614G ORF3d#Q22* ORF3a#W128C ORF3a#T223I ORF8#Q27R N#RG203KR ORF9c#GE50NE
B.1.1.220	nsp12#P323L S#Q613H S#D614G E#F56L M#A85V N#RG203KR ORF9c#GE50NE
B.1.1.221	nsp4#T492I nsp5#P132L nsp7#M75T nsp12#P323L S#D614G ORF3a#Y107H ORF8#V81F N#RG203KR ORF9c#GE50NE N#T334I
B.1.1.222	nsp1#H110Y nsp2#I251M nsp3#T1275I nsp3#A1803V nsp4#L18F nsp6#V84F nsp12#T259I nsp12#V299F nsp12#P323L nsp12#N489Y nsp14#F133V nsp16#K160R S#L18F ORF2b#L19F S#D80Y S#S155N S#G181V S#D614G S#T732A ORF3d#Q22* ORF3a#L108F ORF3a#W128L ORF3a#S171L ORF7a#A8T ORF7a#A66V ORF8#V32L N#RG203KR ORF9c#GE50NE N#D377Y
B.1.1.225	nsp2#R4C nsp3#A231V nsp3#L761F nsp3#S1296F nsp12#P323L nsp14#A138V S#E156Q S#D614G ORF3a#L15F N#RG203KR ORF9c#GE50NE
B.1.1.243	nsp1#L27I nsp2#P446L nsp3#P874S nsp3#K1943N nsp4#N449T nsp6#L37F nsp12#D164N nsp12#P323L nsp14#P429L nsp14#H455Y S#D614G ORF3a#S177I ORF7a#F63L N#RG203KR ORF9c#GE50NE
B.1.1.25	nsp1#R24C nsp1#E57K nsp2#I120F nsp2#E210K nsp2#E345D nsp2#S430L nsp2#V599I nsp2#P624T nsp3#A231V nsp3#A386T nsp3#K412N nsp3#A1527V nsp3#A1872V nsp5#T225I nsp6#L37F nsp12#A176T nsp12#T248I nsp12#P323L nsp12#N491K nsp12#M601I nsp13#M274I nsp13#L428F nsp13#A520V nsp14#M501I nsp15#R206S nsp16#I128V S#Q14H S#T33I ORF2b#F30Y S#D138Y S#S254F S#D614G S#P681R ORF3c#S22L ORF3d#E14G ORF3a#S58G ORF3a#S171L E#N64S ORF7a#T14I ORF7b#A15S ORF7b#T40I ORF8#LGIITTVAAFHQECSLQSCTQHQPYVVDDPCPIHFYSKWYIRVGARKSAPLIELCVDEAGSKSPIQYIDIGNYTVSCLPF7Z ORF8#P36T ORF8#F120FZ ORF8#F120LZ ORF9b#S50L N#H145Y N#RG203KR N#RGTS203T ORF9c#GE50NE ORF9c#GELL50L N#G214V ORF9c#A61S N#E378Q
B.1.1.263	nsp1#HVMVE83Q nsp2#S196L nsp2#S512F nsp2#M609I nsp3#P841S nsp3#V1069I nsp4#K1T nsp6#Q208R nsp12#P323L nsp12#I466V nsp12#M906T nsp13#G54V nsp14#E204G nsp16#D179G nsp16#K182N nsp16#V294I S#P9S ORF2b#L11R S#A262S S#D614G ORF3c#R15Q ORF3a#S166L ORF8#V62L N#RG203KR ORF9c#GE50NE
B.1.1.274	nsp2#S99F nsp3#P141S nsp3#A465V nsp3#V932M nsp3#A1222V nsp3#A1736V nsp3#V1795L nsp12#P323L nsp13#M474I nsp14#A85S S#D614G S#P681H ORF3c#R13L ORF3a#S171L ORF3a#G174C ORF7b#L4F N#RG203KR ORF9c#GE50NE N#P368S
B.1.1.277	nsp1#N126S nsp2#A411V nsp3#K1211N nsp12#P323L nsp12#V473L nsp12#D738Y S#D614G S#A626S S#Q675H ORF8#Q27* ORF9b#R32L N#RG203KR ORF9c#GE50NE
B.1.1.28	nsp1#G7D nsp1#V86F nsp2#H237Y nsp2#F437L nsp2#A522V nsp2#P624S nsp3#P141S nsp3#T181I nsp3#K384N nsp3#T779I nsp3#P822H nsp3#P1044L nsp3#N1247S nsp3#N1337S nsp3#S1485F nsp3#S1670F nsp4#T37I nsp4#D279N nsp4#T295I nsp4#A307S nsp5#A94V nsp5#P132S nsp6#L37F nsp7#L71F nsp8#A63S nsp9#D47N nsp10#N62S nsp12#D170Y nsp12#R285C nsp12#P323L nsp12#S647I nsp13#T127I nsp14#T16I nsp14#P128S nsp16#T117I nsp16#K160R S#V213L S#L452R S#L452Q S#S477R S#D614G S#G1171D S#V1176F S#E1202K S#FD1256F ORF3a#A54V ORF3d#Q22* ORF3a#L85F ORF3d#V42F ORF3d2#V18F ORF3a#L129F ORF3b#T14M ORF3a#G224C ORF3a#S253P ORF3a#T268M ORF6#P57L ORF7a#T28S ORF7b#F13Z ORF8#I10T ORF8#E64D ORF8#V99L N#D3Y ORF9b#H9Q N#P13T N#T24A N#R40C N#RG203KR ORF9c#GE50NE N#S232I N#P365L N#P383L
B.1.1.284	nsp3#S543P nsp3#T703I nsp3#S1670F nsp3#V1786A nsp4#A231V nsp5#P108S nsp6#L142F nsp12#P323L nsp12#A423V S#D614G ORF3a#S165F M#V66L N#P151L N#S194L ORF9c#Q41* N#RG203KR ORF9c#GE50NE
B.1.1.294	nsp3#D218E nsp3#K1771R nsp5#I78S nsp12#P323L nsp12#N491Y nsp12#E919D nsp13#A509V S#D614G S#Q677H ORF8#F120FZ ORF8#F120LZ N#RG203KR ORF9c#GE50NE
B.1.1.302	nsp2#P129S nsp4#T189I nsp12#P323L nsp13#T599I nsp15#P205S S#D614G S#V1122L ORF7a#Q94L N#RG203KR ORF9c#GE50NE
B.1.1.306	nsp2#R4C nsp2#M135V nsp3#A994D nsp3#C1421F nsp3#T1590I nsp4#T83I nsp4#A446T nsp12#I66V nsp12#P227L nsp12#P323L nsp13#A18V nsp13#T127N nsp14#S448P nsp15#P205S S#L18F S#A27S S#E484K S#D614G S#Q675H M#N43S ORF8#LGIITTVAAFHQECSLQSCTQHQPYVVDDPCPIHFYSKWYIRVGARKSAPLIELCVDEAGSKSPIQYIDIGNYTVSCLPFTINCQEPKLGSLVVR7Z ORF8#S67F N#D3Y N#RG203KR ORF9c#GE50NE
B.1.1.312	nsp2#P624L nsp6#L37F nsp12#P323L nsp14#P327S S#D614G S#Q957L ORF7a#A13T ORF8#D63G N#RG203KR ORF9c#GE50NE
B.1.1.316	nsp3#A231V nsp3#T583I nsp8#D143G nsp12#P323L ORF2b#S5F S#D614G S#Q677H S#T732S S#V1104L ORF3a#R68S ORF3d#M25L ORF3d2#M1L ORF3a#K75N ORF3d#G32W ORF3d2#G8W N#RG203KR ORF9c#GE50NE
B.1.1.317	nsp2#D23N nsp2#D409G nsp3#P447S nsp3#H727Y nsp3#S1578I nsp3#K1715R nsp3#A1818T nsp3#H1841Y nsp5#P132S nsp12#K267R nsp12#P323L nsp13#E261D nsp13#A505V nsp14#L177F nsp16#A116V S#D138Y S#S477N S#A522S S#D614G S#Q675R S#Q784L S#A845S ORF3d#C33F ORF3d2#C9F ORF3a#V77F M#S4Y ORF7a#I103V ORF8#D35E N#RG203KR ORF9c#GE50NE N#A211V
B.1.1.318	nsp2#E574D nsp3#E378V nsp3#A1311V nsp3#K1693N nsp4#R55H nsp4#A128V nsp4#T173I nsp4#A446V nsp5#T21I nsp6#SGFK106K nsp12#P323L nsp12#T604A nsp13#S74L nsp15#V320M nsp16#L27I nsp16#T35I nsp16#R216N S#T95I S#VY143V S#E484K S#D614G S#P681H S#D796H ORF3a#K21N ORF3a#P258L M#I82T M#H125Y ORF7a#A55S ORF7a#V93F ORF7b#H37L ORF7b#*44Z ORF8#E106* N#G25C N#RG203KR ORF9c#GE50NE N#AR208G ORF9c#LE55E N#D377Y
B.1.1.329	nsp2#K443Q nsp3#E158D nsp3#P1787S nsp5#K90R nsp12#P323L nsp12#A526V nsp13#P47L S#D614G ORF9b#A57V N#I84V N#RG203KR ORF9c#GE50NE
B.1.1.33	nsp2#P96S nsp12#P323L S#D614G ORF3a#R134L ORF6#I33T ORF7b#V21F N#RG203KR ORF9c#GE50NE N#I292T
B.1.1.332	nsp7#L71F nsp12#P323L S#V90F S#D614G S#V1176F ORF3a#G224R ORF6#*62Z N#RG203KR ORF9c#GE50NE
B.1.1.336	nsp3#H323Y nsp3#E387Q nsp5#K90R nsp5#F305L nsp12#K91R nsp12#P323L nsp15#V317F S#D614G S#P681H ORF3a#D173G ORF7a#YQLRAR75Z ORF8#L4I N#RG203KR ORF9c#GE50NE
B.1.1.337	nsp2#T547I nsp3#S702F nsp3#F961L nsp3#N1293T nsp3#A1305V nsp7#L40I nsp9#T67I nsp12#P323L S#D614G S#A1078T ORF3a#M125I ORF9b#T83I N#RG203KR ORF9c#GE50NE
B.1.1.340	nsp12#P323L nsp16#NN297L S#D614G N#RG203KR ORF9c#GE50NE
B.1.1.351	nsp4#K399E nsp5#P241H nsp8#L184I nsp12#K143Q nsp12#P323L nsp13#T141I nsp13#G527R S#L54F S#D614G S#P681H N#RG203KR ORF9c#GE50NE
B.1.1.353	nsp4#D279N nsp12#P323L S#D574Y S#D614G S#A1078T ORF3a#P104L N#RG203KR ORF9c#GE50NE
B.1.1.354	nsp3#S692F nsp3#S1717L nsp3#L1870F nsp4#D279N nsp4#K473R nsp6#L37F nsp12#P323L nsp13#Q470L nsp13#A505V nsp15#V127F S#H66R ORF2b#M6V S#D138Y S#D614G M#H155Y N#RG203KR ORF9c#GE50NE N#R209I ORF9c#E56* N#S327L ORF10#P10S
B.1.1.362	nsp2#N524H nsp3#N1177H nsp4#A93V nsp9#T19I nsp12#P323L S#D614G S#S704L ORF3b#M2I ORF3a#A143S ORF9b#A57V N#RG203KR ORF9c#GE50NE N#M210I ORF9c#W57L
B.1.1.37	nsp2#Q395R nsp12#P323L nsp12#A656S ORF2b#L16P S#S477N S#D614G ORF3d#T49I ORF3d2#T25I ORF3a#H93Y ORF3a#L219F E#L73F N#RG203KR ORF9c#GE50NE N#T205I ORF9c#L52F
B.1.1.370	nsp3#R810C nsp3#V1331F nsp12#P323L nsp12#A529V S#D614G ORF3a#T89I ORF3d#S46I ORF3d2#S22I ORF3a#V90F N#RG203KR ORF9c#GE50NE N#R209I ORF9c#E56*
B.1.1.372	nsp2#A184S nsp4#A181V nsp5#G15S nsp8#A150V nsp12#P323L nsp13#M576I S#F565L S#D614G ORF3a#D210G ORF3a#V255F ORF8#F120FZ ORF8#F120LZ N#RG203KR ORF9c#GE50NE ORF9c#D73G N#G243C N#P383L
B.1.1.39	nsp6#L37F nsp12#P323L nsp13#K524N S#D614G S#S673T ORF3d#V41F ORF3d2#V17F N#RG203KR ORF9c#GE50NE
B.1.1.396	nsp2#T256I nsp3#A861V nsp12#P323L nsp13#T214I S#M153T S#D614G ORF3a#G44V ORF3c#D23Y ORF3d#T8I ORF3a#L52F ORF3d#P21L ORF3a#L65F N#RG203KR ORF9c#GE50NE
B.1.1.397	nsp2#A336V nsp2#C475Y nsp2#T528I nsp3#T275A nsp3#P654Q nsp3#I1074L nsp3#S1807F nsp6#L37F nsp12#P323L nsp14#G37C nsp14#T372I nsp15#P205L nsp16#T56I S#D138Y S#M153T S#A163S S#D614G ORF3d#A2D ORF3a#L46I ORF3a#T89I ORF7a#P84R ORF7b#T40I ORF8#H17Z ORF8#V62L N#T141I N#RG203KR ORF9c#GE50NE N#M234I
B.1.1.398	nsp1#V116L nsp2#V311M nsp3#D9G nsp3#G905S nsp3#T1036I nsp3#A1133V nsp3#M1436I nsp4#A87V nsp6#L37F nsp12#P323L nsp12#T394M nsp12#M519I nsp14#H330R nsp14#T524I nsp16#M17I S#P25H ORF2b#L19F S#D80Y S#Q613H S#D614G S#A1078S ORF3d#V41F ORF3d2#V17F ORF3a#T175I E#L21F ORF8#GSK66E ORF8#D119E N#Q83K N#R195S ORF9c#E42V N#RG203KR ORF9c#GE50NE N#P364L
B.1.1.416	nsp3#L357F nsp3#A1215T nsp3#G1273D nsp6#V149F nsp12#P323L nsp14#R163C nsp14#D345Y S#D614G S#G1167A ORF3c#S22L ORF3a#G174D N#S2Y N#RG203KR ORF9c#GE50NE N#T366I
B.1.1.420	nsp1#R77Q nsp2#T569A nsp3#T820I nsp6#Q160R nsp12#T85I nsp12#P323L nsp13#L428F nsp15#V320L nsp16#A226S S#L18F S#V308L S#N440K S#D614G S#Q677H S#G1219V ORF3a#Q57H ORF3c#R36T ORF3d#E14Q ORF3a#W149C ORF3b#G9V ORF7b#M1I ORF7b#I2N N#P13S ORF9c#S4L N#S197T N#RG203KR ORF9c#GE50NE N#G212V ORF9c#A59S
B.1.1.432	nsp2#V259F nsp2#K500N nsp2#A518T nsp2#G548C nsp3#D1674N nsp8#P10S nsp12#P323L nsp16#K160R S#D614G ORF3a#S74F ORF3a#G174C ORF8#I58L N#RG203KR ORF9c#GE50NE N#A251S
B.1.1.434	nsp2#T44I nsp2#I513V nsp3#Q180H nsp6#L207F nsp12#P323L nsp12#M601I nsp13#A296S S#D614G S#D1168G ORF3a#E226G N#RG203KR ORF9c#GE50NE
B.1.1.46	nsp2#S138L nsp3#A465V nsp3#H682R nsp4#S34F nsp5#R279H nsp6#L37F nsp6#V149F nsp12#P323L nsp14#T250I S#H69Y S#V143F S#L179F S#D614G S#S640F S#P681H S#T778A ORF3d#C11F ORF3a#V55F ORF3a#A110S ORF3b#M2I ORF3a#A143S ORF3a#G174V N#I84V N#RG203KR ORF9c#GE50NE
B.1.1.462	nsp3#I23V nsp3#M560I nsp3#S1807F nsp12#S68F nsp12#P323L nsp16#R216N S#H49Y S#E583D S#D614G ORF3a#G224C N#RG203KR ORF9c#GE50NE
B.1.1.486	nsp3#T724I nsp12#P323L S#T29I S#T572I S#D614G S#Q677H S#D936N ORF3a#S58N ORF3c#A37T ORF3d#S34L ORF3d2#S10L ORF3a#H78Y ORF6#I14T N#RG203KR ORF9c#GE50NE N#M234I
B.1.1.517	nsp3#K578N nsp5#V91A nsp12#P323L nsp15#D91Y nsp15#V101I S#D614G S#T732A ORF8#D34G ORF8#E64* N#RG203KR ORF9c#GE50NE
B.1.1.519	nsp2#T44I nsp3#P141S nsp3#L741F nsp4#T492I nsp5#A191T nsp6#I49V nsp9#T35I nsp12#P323L S#T478K S#D614G S#P681H S#T732A ORF3d#C44F ORF3d2#C20F ORF3a#V88L ORF3a#Q185H ORF3a#T221A M#D209Y ORF7a#Y75C N#RG203KR ORF9c#GE50NE
B.1.1.521	nsp4#A380V nsp4#LL435L nsp12#P323L nsp13#V348L S#D614G N#RG203KR ORF9c#GE50NE N#E378Q
B.1.1.528	nsp2#T215I nsp2#S305G nsp2#S430L nsp2#K500N nsp2#T547I nsp3#Q383H nsp3#A496V nsp4#M324I nsp4#R401H nsp6#SGFK106K nsp12#P323L nsp12#E744A nsp13#G206V nsp15#V22L S#D138Y S#N450K S#D614G S#P681R M#I82T ORF8#KF2Z ORF9b#R32L N#A152S ORF9c#A48AZ N#RG203KR ORF9c#GE50NE N#N213I ORF9c#M60L N#P344S
B.1.1.54	nsp3#T1348I nsp8#Y138H nsp12#P323L nsp12#P461S S#D614G ORF3a#R126S N#RG203KR ORF9c#GE50NE
B.1.1.63	nsp1#E55K nsp1#KSFD141D nsp1#E148K nsp1#S166G nsp2#R4C nsp2#G12D nsp2#S263P nsp2#GLN265N nsp2#A302V nsp2#F368S nsp2#P556S nsp3#T73I nsp3#A85V nsp3#QE157Q nsp3#T204I nsp3#V238L nsp3#H295Y nsp3#E391D nsp3#K412N nsp3#V575M nsp3#I759V nsp3#H818Y nsp3#T1198I nsp3#T1336I nsp3#T1348I nsp3#M1592V nsp4#T73A nsp4#T83I nsp5#A260V nsp6#T6A nsp6#L37F nsp9#T24I nsp9#T34I nsp12#C12R nsp12#P323L nsp13#P47L nsp13#V209F nsp13#V247I nsp13#A389V nsp14#C39F nsp14#V199A nsp15#A80V nsp15#I222S nsp15#A231V nsp15#K256R nsp15#V320L S#L5F S#S12F S#L118F S#G181R S#F186S S#E309A S#D614G S#Q675H S#Q677H S#S929T S#D1118Y S#E1202Q ORF3a#M5I ORF3a#P42S ORF3c#S22L ORF3c#L32F ORF3d#C10F ORF3a#A54S ORF3d#T29I ORF3d2#T5I ORF3a#L73F ORF3a#S74F ORF3a#T89I ORF3a#C133S ORF3a#S171A ORF3a#Y211H ORF3a#T223I ORF3a#E242* ORF3a#VNP256Z E#S3L E#L21F M#N43S M#K162N ORF6#Q8P ORF6#P57L ORF7a#T28I ORF7a#G38V ORF7a#P45L ORF7a#Q62H ORF7a#V71I ORF7b#E33* ORF7b#T40I ORF8#VDDPCPIHFYSKWYIRVGARKSAPLIELCVDEAGSKSPIQYIDIGNYTVSCLPFTIN33Z ORF8#Y42F ORF8#I47V ORF8#A51V ORF8#D63Y ORF8#A65V N#A12G ORF9b#H9D ORF9b#R13H ORF9b#R32H ORF9b#GPKVYPIILRLGSPLSLNMARKTLNSLEDKAFQLTPIA38Z N#PQGLPNNTASWFTALTQHGKEDLKFPRGQGVPINTNSS42Z N#I157V N#R195K ORF9c#E42K N#RG203KR ORF9c#GE50NE N#Q244K N#T366I ORF10#A28V
B.1.1.7	nsp1#S17N nsp1#D33N nsp1#R43C nsp1#MV85V nsp1#Y118H nsp1#K120N nsp1#M174I nsp2#R4C nsp2#S32L nsp2#S36F nsp2#K112N nsp2#L113F nsp2#C132Y nsp2#S138L nsp2#K142R nsp2#T153A nsp2#T166I nsp2#E167K nsp2#A174V nsp2#A192T nsp2#A192V nsp2#S196L nsp2#E206D nsp2#R218C nsp2#V230A nsp2#A247V nsp2#S263F nsp2#E264K nsp2#G265V nsp2#Q275H nsp2#N280Y nsp2#V284I nsp2#T304A nsp2#A336V nsp2#G339S nsp2#A360V nsp2#L400F nsp2#F406L nsp2#A419V nsp2#Q427H nsp2#K489E nsp2#K489N nsp2#I491V nsp2#K500N nsp2#L501F nsp2#A510V nsp2#R538K nsp2#L550F nsp2#E563D nsp2#T569A nsp2#T580I nsp2#T634I nsp3#A1V nsp3#E49K nsp3#T64I nsp3#P67L nsp3#A85T nsp3#F90V nsp3#E95D nsp3#L98S nsp3#P109L nsp3#D110E nsp3#P125S nsp3#S126L nsp3#E134K nsp3#P141S nsp3#S148F nsp3#P153L nsp3#G171V nsp3#Q172L nsp3#T181I nsp3#T183I nsp3#Q185R nsp3#T204I nsp3#G255V nsp3#A256V nsp3#I273M nsp3#N291H nsp3#H295N nsp3#V300I nsp3#V304I nsp3#G307C nsp3#G337C nsp3#Q380R nsp3#P395L nsp3#T428I nsp3#K429N nsp3#E433K nsp3#P447S nsp3#T459A nsp3#V473F nsp3#V481L nsp3#T492I nsp3#A496V nsp3#P503S nsp3#E522D nsp3#E523D nsp3#A579V nsp3#K610R nsp3#T612S nsp3#I617V nsp3#D622A nsp3#N624H nsp3#N640T nsp3#Y647C nsp3#S650F nsp3#A664V nsp3#L689F nsp3#V732F nsp3#N737D nsp3#L741F nsp3#T749A nsp3#V765F nsp3#M768I nsp3#S769L nsp3#T779I nsp3#K837N nsp3#N844S nsp3#A861V nsp3#P874S nsp3#A890D nsp3#T976I nsp3#L1035F nsp3#E1073G nsp3#D1085Y nsp3#P1103S nsp3#S1106I nsp3#A1120V nsp3#T1180I nsp3#K1186R nsp3#S1206L nsp3#M1218I nsp3#T1275I nsp3#D1276E nsp3#S1285A nsp3#L1287P nsp3#T1306I nsp3#A1324T nsp3#T1365I nsp3#S1367I nsp3#N1383S nsp3#G1389C nsp3#I1412T nsp3#S1424F nsp3#S1437F nsp3#M1441I nsp3#A1461V nsp3#T1492N nsp3#R1518K nsp3#S1534N nsp3#T1590I nsp3#M1592I nsp3#S1682F nsp3#A1711V nsp3#S1738A nsp3#L1746I nsp3#A1766V nsp3#M1788I nsp3#N1805Y nsp3#V1824I nsp3#L1870F nsp3#A1878V nsp3#I1891V nsp3#V1932I nsp3#V1936I nsp4#IK11K nsp4#F17L nsp4#S34F nsp4#P89S nsp4#T204I nsp4#P252S nsp4#L264F nsp4#T269K nsp4#E310D nsp4#L353F nsp4#A380V nsp4#V402I nsp5#L67S nsp5#A70S nsp5#S81F nsp5#K90R nsp5#A129V nsp5#K236R nsp5#P241S nsp5#P241L nsp6#L37F nsp6#A46V nsp6#A51V nsp6#F55L nsp6#L75F nsp6#SGFK106K nsp6#M115V nsp6#A128V nsp6#A136V nsp6#T181I nsp6#P198L nsp6#I210V nsp6#M211L nsp6#A268V nsp7#L28S nsp8#A13S nsp8#Q24R nsp8#S31P nsp8#I107V nsp9#T35I nsp9#K36R nsp9#L42F nsp9#P83L nsp9#K84R nsp10#A4V nsp10#T12I nsp10#P86S nsp10#T102I nsp10#N105K nsp10#Q132L nsp10#L138F nsp11#A4V nsp12#A4V nsp11#S6L nsp12#S6L nsp12#T26I nsp12#A43S nsp12#M124I nsp12#I201F nsp12#P227L nsp12#K288R nsp12#P323L nsp12#H355Y nsp12#L638F nsp12#T644M nsp12#D738Y nsp12#T803I nsp12#E876D nsp12#P927S nsp13#S38L nsp13#P47L nsp13#P53L nsp13#P53S nsp13#P53Q nsp13#K73R nsp13#S74L nsp13#T127I nsp13#H164Y nsp13#S166L nsp13#P172S nsp13#G222S nsp13#E261D nsp13#P300L nsp13#K323R nsp13#G415S nsp13#G415C nsp13#L428F nsp13#K460R nsp13#I480V nsp13#P504S nsp13#A509V nsp13#L581F nsp13#S589N nsp14#Q22H nsp14#T31I nsp14#N63K nsp14#M72I nsp14#A96V nsp14#T113I nsp14#A119V nsp14#A119S nsp14#L157F nsp14#I164V nsp14#S171G nsp14#P203L nsp14#C216F nsp14#T250I nsp14#S271G nsp14#A274S nsp14#P297L nsp14#M315I nsp14#D324Y nsp14#P327S nsp14#E347G nsp14#E364K nsp14#V405L nsp14#P429L nsp14#P451S nsp14#A497V nsp15#V10L nsp15#G76C nsp15#A80V nsp15#A81V nsp15#R138C nsp15#K158E nsp15#S161I nsp15#A171V nsp15#P190S nsp15#D219Y nsp15#H234R nsp15#P270L nsp15#S273G nsp15#G286S nsp15#H337Y nsp16#S33I nsp16#T91M nsp16#H119R nsp16#T140I nsp16#C154S nsp16#K160R nsp16#A178V nsp16#K182N nsp16#L212LZ nsp16#N227S nsp16#V294F S#F2L S#L5F S#V16F S#R21K S#P26L S#T33I S#W64C ORF2b#G4V S#A67V S#IHV68I ORF2b#YMS8S S#G75V ORF2b#V15L S#S94F S#S94Y ORF2b#P34S ORF2b#P34T S#E96D ORF2b#R36I S#S98F ORF2b#T39I S#I100M S#D138H S#FL140L S#VY143V S#VYYHKNN143N S#YYH144Y S#N148T S#M153I S#M177I S#K206N S#T208M S#R214L S#D215Y S#L216F S#A222V S#A222P S#T240I S#A243S S#S254F S#A262V S#A263S S#V289I S#T307I S#F338L S#R357K S#T376N S#V382L S#I434L S#T478I S#E484K S#E484A S#F490L S#S494P S#N501Y S#V534F S#T547I S#A570D S#E583D S#Q613H S#D614G S#A626V S#S640F S#E654Q S#T678I S#P681H S#R683L S#A684V S#A701V S#T716I S#M731I S#T732I S#S735A S#T791I S#P812S S#P812L S#I818V S#L821I S#A845S S#T859I S#S884F S#A892V S#L922F S#D936Y S#S982A S#A1078S S#V1104L S#D1118H S#T1120I S#P1162L S#Q1180R S#K1191N S#D1199N S#K1205N S#V1228L S#T1238I S#P1263L S#V1264L ORF3a#T12I ORF3a#T14I ORF3a#L15F ORF3a#G18V ORF3a#K21N ORF3c#M1I ORF3a#A23V ORF3a#A23T ORF3a#R30L ORF3c#A9S ORF3a#A33S ORF3a#I37T ORF3c#Y16H ORF3a#S40L ORF3c#H19Y ORF3a#P42L ORF3c#L21F ORF3c#S22L ORF3c#L32F ORF3d#C10F ORF3a#A54S ORF3d#R15L ORF3a#A59S ORF3d#Q22* ORF3a#K67N ORF3d#E24* ORF3d#E24Q ORF3a#R68S ORF3d#M25L ORF3d2#M1L ORF3d#T27I ORF3d2#T3I ORF3d#S28I ORF3d2#S4I ORF3a#A72S ORF3d#L35F ORF3d2#L11F ORF3a#L85F ORF3d#V42F ORF3d2#V18F ORF3a#T89I ORF3d#S46I ORF3d2#S22I ORF3a#V90F ORF3d#P50S ORF3d2#P26S ORF3d#C55Y ORF3d2#C31Y ORF3a#A99T ORF3d#W56L ORF3d2#W32L ORF3a#G100C ORF3a#P104S ORF3a#L106F ORF3a#W131C ORF3a#T151I ORF3b#T14M ORF3a#D155Y ORF3a#G172C ORF3a#S177I ORF3a#G188C ORF3a#Y189S ORF3a#D210Y ORF3a#T223I ORF3a#T229I ORF3a#E239D ORF3a#P240S ORF3a#P240L ORF3a#P240H ORF3a#G254* ORF3a#VN256Z ORF3a#P267S E#L21F M#A2S M#E12D M#F28L M#V60L M#C64F M#V70L M#G89S M#S212G ORF6#Q8R ORF6#P57L ORF6#E59* ORF6#EI59Z ORF6#D*61L* ORF7a#E22D ORF7a#V24F ORF7a#P34S ORF7a#S37F ORF7a#GTYEGNSPFHPLADNKFALTCFSTQFAFACPDGVKHVYQLRARSVSPKLFIRQEEVQELYSPIF38Z ORF7a#T39I ORF7a#P45L ORF7a#FHPLADNKFALTCFSTQFAFACPDGVKHVYQLRARSVSPKLFIRQEEVQEL46Z ORF7a#T61I ORF7a#Q62* ORF7a#QF62H ORF7a#F63L ORF7a#D69Y ORF7a#VKHVYQLRARSVSPKLF71V ORF7a#YQLRARSVSPKLFIRQEEVQEL75Z ORF7a#Q76* ORF7a#R78C ORF7a#S83L ORF7a#P84L ORF7a#V93F ORF7a#Q94H ORF7a#LYSP96P ORF7a#P99L ORF7a#P99S ORF7a#I100F ORF7a#IV103Z ORF7a#E121* ORF7a#E121G ORF7b#M1I ORF7a#*122L ORF7b#L4F ORF7b#M24I ORF7b#L32F ORF7b#C41Y ORF7b#H42Y ORF8#F16S ORF8#Q18* ORF8#Q27* ORF8#VVDDPCPIHFYSKWYIRVGARKSAPLIELCVDEAGSKSPIQY32Z ORF8#C37F ORF8#W45C ORF8#R52I ORF8#IE58E ORF8#C61F ORF8#V62L ORF8#D63N ORF8#GSK66E ORF8#G66C ORF8#K68* ORF8#Q72H ORF8#Y73C ORF8#T87I ORF8#Q91R ORF8#V100L ORF8#R101H ORF8#E106* ORF8#L118V ORF8#D119E ORF8#F120FZ ORF8#F120LZ ORF8#I121Z N#DN3LN N#G5E ORF9b#D2N ORF9b#P3L N#R10Q ORF9b#E7K N#R14C N#R32H ORF9b#A29T ORF9b#G38D ORF9b#G38V ORF9b#T72I N#P80S ORF9b#Q77H N#D81Y ORF9b#E86D N#A90S N#A119S N#T141I N#H145Y N#A152S N#N154K ORF9c#M1K N#P168S ORF9c#Q20L ORF9c#A25V N#R189L ORF9c#V36L N#S193T ORF9c#V40L ORF9c#Q46P ORF9c#A48AZ N#RG203KR N#RG203KP N#R203RZ ORF9c#GE50NE ORF9c#GE50NQ ORF9c#G50D N#M210T ORF9c#W57R N#A211V N#G212D ORF9c#A59T ORF9c#T72I N#S235F N#T245I N#A254T N#A267S N#H300Y N#P326L N#T332I N#D343N N#D348N N#A359S N#P364S N#T366I N#D377Y N#T379I N#A381S N#P396S N#A398V N#D401N N#S413I ORF10#A8V ORF10#P10S ORF10#A28V
B.1.1.74	nsp2#ND267N nsp3#A534V nsp3#P1921L nsp6#Q249H nsp12#D40V nsp12#P323L nsp15#V317F S#D614G E#P71L N#RG203KR ORF9c#GE50NE
B.1.1.89	nsp12#P323L S#D614G ORF6#W27L N#RG203KR ORF9c#GE50NE
B.1.111	nsp2#K618N nsp3#F53L nsp3#H295Y nsp3#P822L nsp3#P1316L nsp4#T215I nsp4#A446V nsp5#K90R nsp6#L37F nsp12#P323L nsp14#P46L nsp14#P46F S#D614G S#S689R S#M1237I ORF3a#Q57H ORF3c#R36I ORF3d#E14* ORF3a#S165F ORF8#H112R ORF9b#R32L N#A119S
B.1.160	nsp1#P80S nsp1#E93K nsp2#R27C nsp2#I322M nsp3#A480V nsp3#T1036I nsp4#M324I nsp4#L438I nsp12#A185S nsp12#P323L nsp12#V354L nsp12#V776L nsp12#T806I nsp13#P53L nsp13#T127I nsp13#K218R nsp13#E261D nsp13#P402S nsp13#M429I nsp14#S255I nsp15#D128Y nsp15#L162F S#T95I S#V120I S#I235V S#S477N S#E583D S#D614G ORF3c#Q5H ORF3a#D27Y ORF3a#D27H ORF3c#A9V ORF3a#Q57H ORF3c#R36I ORF3d#E14* ORF7a#F6L ORF7a#T14I ORF7a#G26D ORF7a#L116F ORF8#P36L N#D128Y N#M234I N#T362I N#A376T N#R385K
B.1.164	nsp2#N133D nsp6#L37F nsp10#A104V nsp12#P323L nsp12#E876D S#D614G ORF3a#Q57H ORF3c#R36I ORF3d#E14* ORF3a#D155H ORF3a#G172C N#R209I ORF9c#E56*
B.1.177	nsp1#R24C nsp1#E57K nsp1#P62S nsp2#V234I nsp4#A446V nsp6#A54S nsp6#L142F nsp9#N98K nsp12#P323L nsp12#G671S nsp12#G823F nsp13#P402S nsp16#L183F S#L18F S#R21K S#M177I S#A222V S#S256L S#A262S S#P272L S#A348S S#E583D S#Q613H S#D614G S#L822F S#A845S S#S939F S#V1104L S#D1163Y S#G1167V ORF3d#C33F ORF3d2#C9F ORF3a#V77F ORF3a#R126S ORF3a#S171L ORF3a#T223I ORF7a#E22A ORF7a#V71L ORF8#P30L ORF8#I39T ORF8#S67F ORF9b#M8I N#A12S N#A220V ORF9c#L67F N#P365S ORF10#V30L
B.1.177.57	nsp3#G307C nsp3#T1363I nsp3#A1736V nsp12#P323L S#A222V S#D614G E#S55F N#A220V ORF9c#L67F ORF10#V30L
B.1.177.62	nsp12#P323L S#L18F S#T51I S#A222V S#D614G S#D936Y ORF3a#D155Y ORF7a#FLI101F N#A220V ORF9c#L67F ORF10#V30L
B.1.177.8	nsp12#P323L S#L18F S#A222V S#D614G N#A220V ORF9c#L67F ORF10#V30L
B.1.177.86	nsp12#P323L S#L18F S#A222V S#D614G ORF7b#E39* N#A220V ORF9c#L67F ORF10#V30L
B.1.195	nsp1#KSFD141D nsp12#P323L nsp12#V848I S#D614G E#L73F
B.1.2	nsp2#D23N nsp2#T85I nsp2#K112Q nsp2#P129S nsp2#L140F nsp2#G147D nsp2#V185I nsp2#A306V nsp2#A555V nsp2#T573I nsp2#E574D nsp2#V594F nsp2#K614R nsp3#K19R nsp3#V50L nsp3#C55F nsp3#T73I nsp3#D110E nsp3#E177D nsp3#E189D nsp3#Q203H nsp3#P236L nsp3#A256V nsp3#H290Y nsp3#P340L nsp3#R352H nsp3#K415E nsp3#E419G nsp3#M494I nsp3#E523D nsp3#T678I nsp3#H727Q nsp3#K902N nsp3#I967T nsp3#K1131R nsp3#H1156Y nsp3#S1206L nsp3#P1228L nsp3#P1228S nsp3#N1247S nsp3#E1271D nsp3#K1325R nsp3#T1336I nsp3#R1345C nsp3#A1431V nsp3#V1458F nsp3#N1543K nsp3#V1704F nsp3#S1717L nsp3#D1764G nsp3#M1788I nsp3#A1800V nsp3#G1849C nsp3#A1872V nsp4#T14I nsp4#A69V nsp4#T73I nsp4#T83I nsp4#A128V nsp4#V285A nsp4#L353F nsp4#F359L nsp4#I382T nsp4#A457V nsp4#M458I nsp4#H470Y nsp5#T21I nsp5#L50F nsp5#L89F nsp5#P96S nsp5#A234V nsp5#A260V nsp6#L37F nsp6#V149F nsp6#P198L nsp6#L212I nsp7#T46A nsp7#L60F nsp8#R51L nsp8#A63S nsp8#D99N nsp8#P133S nsp8#T145I nsp9#V7G nsp9#T34I nsp9#I65V nsp10#A24S nsp10#A32V nsp12#T85I nsp12#A97V nsp12#A185V nsp12#P323L nsp12#P323F nsp12#C464F nsp12#T586I nsp12#M666T nsp12#E744D nsp12#V776L nsp13#S74L nsp13#K171R nsp13#E201A nsp13#L297F nsp13#N503K nsp13#P504L nsp13#A520V nsp13#I525L nsp13#A598T nsp14#I15T nsp14#T31I nsp14#T35I nsp14#N129D nsp14#V167L nsp14#M169I nsp14#L177F nsp14#V182L nsp14#T293I nsp14#I298T nsp14#V328I nsp14#K349N nsp14#S450R nsp14#G481S nsp15#T112I nsp15#R138H nsp15#S147I nsp15#G150V nsp15#P205S nsp15#D219Y nsp15#I306T nsp15#K319N nsp16#A4T nsp16#P134S nsp16#T140A nsp16#R216C nsp16#P236L nsp16#M247I nsp16#I290V S#L5F S#L8F S#L18F S#F59S S#M153I S#L179I S#P251S S#S254F S#T284I S#T385I S#N440K S#A520S S#D614G S#Q677H S#A688V S#A771S S#E780Q S#S810A S#T859I S#Q913* S#S939F S#V1040F S#P1143L S#V1176F S#V1228L S#S1252F ORF3a#K21N ORF3c#R13L ORF3a#P42L ORF3c#L21F ORF3a#G44V ORF3c#D23Y ORF3d#W5C ORF3a#G49V ORF3c#A28S ORF3c#L32F ORF3d#C10F ORF3a#A54S ORF3a#Q57H ORF3c#R36I ORF3d#E14* ORF3a#S58N ORF3c#A37T ORF3a#W69C ORF3d#A26S ORF3d2#A2S ORF3d#T27N ORF3d2#T3N ORF3a#L71I ORF3a#S74F ORF3d#S34L ORF3d2#S10L ORF3a#H78Y ORF3a#V112F ORF3a#Y113H ORF3a#I118T ORF3a#I123T ORF3a#D155Y ORF3a#S171L ORF3a#G172V ORF3a#S180P ORF3a#Q185H ORF3a#V202L ORF3a#Q218L ORF3a#S220C ORF3a#T223I ORF3a#N257K ORF3a#T268M E#S55F E#S68F E#V70A E#D72G M#R42M M#H125Y M#H148R ORF6#Q56* ORF7a#T39I ORF7a#T120I ORF7b#M1V ORF7b#S31L ORF7b#SLELQDHNETCHA*31Z ORF7b#H42Y ORF8#H17Y ORF8#S24L ORF8#S54L ORF8#APLIELCVDEAGSKSPIQYIDIGNYTVSCLPFTINCQEPKLGSLVVRCSFYEDFLEYHD55D ORF8#A65V ORF8#I121F ORF9b#M8I N#A12S ORF9b#H9Q N#P13L N#P13T ORF9b#P10S ORF9b#P10L N#T24A ORF9b#M26I N#G30R ORF9b#S50L N#P67S ORF9b#T83I ORF9b#T95M N#T135I N#P142S N#A156S ORF9c#S4L N#P199L ORF9c#Q46* N#R203K ORF9c#G50R ORF9c#M63T N#S327L N#T362I N#P364S N#K369R N#A376V N#D377Y N#E378Q N#T379I N#Q389L ORF10#R24C
B.1.210	nsp2#A336V nsp3#E230D nsp12#P323L S#D614G S#G1124V ORF7b#F13Z ORF8#D35E N#S183F ORF9c#L30F N#P207L ORF10#T38A
B.1.222	nsp3#K837N nsp3#T1250I nsp3#R1341Q nsp12#P323L nsp15#T33I S#N439K S#D614G ORF3a#V13L ORF3c#R13L ORF3a#T175I ORF3a#V202I ORF3a#P240S N#L113I N#S194L ORF9c#Q41*
B.1.234	nsp1#E57K nsp1#V60I nsp1#KSFD141D nsp2#V485I nsp3#P153L nsp3#E374K nsp3#A480V nsp3#A579V nsp3#Q774R nsp3#T1072I nsp3#Q1216H nsp3#K1241R nsp3#A1461T nsp3#Y1463H nsp3#S1670F nsp4#D217G nsp4#A231V nsp5#T196M nsp7#A42V nsp12#P323L nsp13#P53S nsp13#S80G nsp14#K512R S#S255F S#D614G S#P812L ORF3a#W131L E#V58I ORF7a#V24F ORF7a#Q62H ORF9c#S4L N#S194L ORF9c#Q41* N#D371Y N#T391I
B.1.240	nsp3#S454I nsp3#A1105V nsp6#L37F nsp12#P323L S#D614G S#S929I S#F1109I ORF3a#T12I N#S194L ORF9c#Q41*
B.1.241	nsp2#L140F nsp3#M1547V nsp12#P323L nsp14#P158S nsp15#T112I nsp15#S147R S#V90F S#D614G ORF3d#T27I ORF3d2#T3I ORF3a#T151I ORF9b#R32L N#S194L ORF9c#Q41* N#T296I N#K387N N#T391I
B.1.243	nsp2#A1T nsp2#A26T nsp2#A31T nsp2#V258A nsp2#P624S nsp3#N22S nsp3#P109L nsp3#D736Y nsp3#D807E nsp3#N922T nsp3#Q1216H nsp3#G1300D nsp3#G1447D nsp3#N1705T nsp3#T1714I nsp3#A1775V nsp4#A466V nsp5#S254F nsp6#L37F nsp6#A46V nsp8#A21V nsp8#S31P nsp12#P323L nsp12#A449V nsp12#A656S nsp13#V169F nsp14#R163C nsp14#L177F nsp15#V141I S#A243S S#D614G S#Q675H S#P681H ORF3a#T151I ORF8#V32L ORF8#V117F ORF8#I121Z N#S2F N#S194L ORF9c#Q41* N#T205I ORF9c#L52F N#D399N
B.1.251	nsp2#L204F nsp6#K109R nsp12#P323L nsp12#P830S nsp13#P402S nsp13#M474I nsp13#S485L S#D614G ORF3a#Q57H ORF3c#R36I ORF3d#E14* ORF3a#G174C ORF7a#L116F N#M234I
B.1.258	nsp2#K142R nsp2#G220D nsp3#K412N nsp3#T1063I nsp3#I1683T nsp4#M324I nsp4#A380V nsp5#P184H nsp6#L37F nsp6#E195D nsp6#L227F nsp9#T35I nsp9#M101I nsp12#P323L nsp12#V720I nsp13#S264R nsp13#H290Y nsp13#L526F nsp13#A598S nsp15#V236I nsp15#K316R S#IHV68I ORF2b#YMS8S S#S221L S#N439K S#D614G ORF3d#S28I ORF3d2#S4I ORF3a#A72S ORF3d#S34L ORF3d2#S10L ORF3a#H78Y ORF3a#T176I M#G78D ORF8#E59* N#R191L ORF9c#A38S
B.1.258.14	nsp3#I1683T nsp12#P323L nsp13#H290Y nsp14#M49I S#N439K S#D614G N#S194L ORF9c#Q41*
B.1.264.1	nsp2#T85I nsp6#L142F nsp7#S26F nsp12#P323L nsp12#V848I nsp13#G439V S#D614G ORF3a#P42L ORF3c#L21F ORF3a#Q57H ORF3c#R36I ORF3d#E14* N#P207H ORF9c#L54M
B.1.298	nsp2#T85I nsp2#E167D nsp2#R246C nsp2#E453D nsp3#V765F nsp12#P323L nsp13#D204Y nsp16#T117I S#D614G ORF3a#T9I ORF3a#Q57H ORF3c#R36I ORF3d#E14* ORF3a#L86F ORF3d#V43F ORF3d2#V19F N#S190R ORF9c#V37G
B.1.311	nsp1#G150S nsp2#T85I nsp2#A318V nsp2#V469F nsp2#T528I nsp3#T181I nsp3#A231V nsp3#Q764H nsp3#T1036I nsp3#S1571L nsp3#K1679N nsp5#R279C nsp7#A80V nsp8#T145I nsp10#M122T nsp12#T276M nsp12#P323L nsp14#T31I nsp14#E204D nsp14#V381L nsp15#T33I nsp16#R216H nsp16#A258V S#G72R S#T250I S#E484K S#N501T S#D614G ORF3c#P18H ORF3a#S40L ORF3c#H19Y ORF3a#Q57H ORF3c#R36I ORF3d#E14* ORF3b#P3L ORF3a#S171L ORF8#V81Z ORF8#E106D N#D3Y N#Q9H ORF9b#S6I N#T135I N#T205I ORF9c#L52F N#P207L N#T391I
B.1.336	nsp2#T85I nsp3#P108L nsp3#T1004I nsp3#G1433C nsp6#V84F nsp12#P323L nsp13#S74P nsp13#P172S S#D614G ORF3a#V13L ORF3a#Q57H ORF3c#R36I ORF3d#E14* ORF8#S24L ORF8#P38S N#AR208G ORF9c#LE55E N#L221F ORF9c#C68F
B.1.349	nsp2#T85I nsp2#T601I nsp3#L452I nsp3#T725I nsp3#K1771R nsp5#T25I nsp12#P323L nsp15#T48I S#D614G S#D1118Y ORF3a#Q57H ORF3c#R36I ORF3d#E14* N#P207S
B.1.351	nsp1#R73H nsp1#KSFD141D nsp1#SF142S nsp2#S32L nsp2#D84Y nsp2#T85I nsp2#I120V nsp2#D155N nsp2#Q182R nsp2#L204F nsp2#T215I nsp2#G220C nsp2#S263F nsp2#A306V nsp2#R362C nsp2#P597L nsp3#E37D nsp3#S93F nsp3#A243T nsp3#G307C nsp3#G307D nsp3#E378G nsp3#A416V nsp3#T423A nsp3#A488V nsp3#I580M nsp3#L689F nsp3#A690V nsp3#S794L nsp3#K837N nsp3#M951I nsp3#P985S nsp3#P1159L nsp3#T1251I nsp3#T1269I nsp3#N1329S nsp3#G1504S nsp3#Y1513H nsp3#S1670F nsp3#S1699F nsp3#A1711V nsp3#L1746F nsp3#A1818T nsp4#H68Y nsp4#T147I nsp5#V73I nsp5#K90R nsp5#K100R nsp5#P252L nsp5#A260V nsp6#L75F nsp6#SGFK106K nsp6#M164V nsp6#T180I nsp6#L260F nsp7#L56F nsp9#G37R nsp9#P71S nsp9#P83L nsp10#C103R nsp10#R134C nsp12#Q57R nsp12#P323L nsp12#V476L nsp12#I589V nsp12#L829F nsp12#D879Y nsp13#H290Y nsp13#A296S nsp13#R339H nsp13#T351I nsp13#G433C nsp13#P529S nsp13#T588I nsp14#P46L nsp14#L177F nsp14#T250I nsp14#L259M nsp14#K311N nsp14#P327Q nsp15#A92S nsp15#A94V nsp16#M20I S#L18F S#A27S ORF2b#G12E S#D80A ORF2b#I20L S#D138Y S#V193L S#D215G S#TLLA240T S#E309G S#A348S S#V367I S#K417N S#E484K S#N501Y S#N540D S#F565L S#D614G S#A623S S#A653V S#H655Y S#Q677H S#A701V S#A771D S#Y837H S#S884F S#L1034F S#A1078S S#D1139Y S#G1219C S#K1266E ORF3a#S26L ORF3c#Q5* ORF3a#P42A ORF3c#S22L ORF3a#Q57H ORF3c#R36I ORF3d#E14* ORF3d#S28I ORF3d2#S4I ORF3a#A72S ORF3d#S34L ORF3d2#S10L ORF3a#H78Y ORF3d#S46I ORF3d2#S22I ORF3a#V90F ORF3d#C55F ORF3d2#C31F ORF3a#A99S ORF3d#W56L ORF3d2#W32L ORF3a#G100C ORF3a#A103S ORF3a#A110S ORF3a#A110V ORF3a#T151I ORF3a#N161I ORF3b#I21L ORF3a#S171L ORF3a#Q185H ORF3a#VN256Z ORF3a#D265N ORF3a#L275F E#V24A E#P71L M#A2S M#H155Y ORF7a#T28I ORF7a#SPKLFIRQEEVQELYSPIFLIVAAIVFITLCFTLKRKTE*83Z ORF7a#P84L ORF7a#P99L ORF7b#W29L ORF7b#E39* ORF8#IR47YR ORF8#A65S ORF8#S67F ORF8#F120FZ N#Q7R ORF9b#K4E N#Q9H ORF9b#S6I N#P13S N#T16M ORF9b#R13C ORF9b#M26I N#G30R ORF9b#P39L N#D103N N#T135I N#T205I ORF9c#L52F ORF9c#T72I N#D348Y N#T362I N#P365L N#E378V N#T379I N#P383L N#T417I
B.1.351.3	nsp2#T85I nsp2#G481S nsp3#K233N nsp3#K401R nsp3#K837N nsp3#P1228L nsp3#T1334I nsp3#N1778S nsp5#K90R nsp6#SGFK106K nsp12#S68F nsp12#P323L nsp12#G385C nsp13#I151V nsp13#S166L nsp15#L162F S#L18F S#A67V S#D80A ORF2b#I20L S#D138N S#D215G S#TLLA240T S#A263S S#K417N S#E484K S#N501Y S#D614G S#A701V S#E1151D S#D1199H ORF3a#Q57H ORF3c#R36I ORF3d#E14* ORF3d#R15H ORF3a#A59T ORF3a#S60F ORF3c#P39S ORF3d#T27I ORF3d2#T3I ORF3a#V121L ORF3a#S171L ORF3a#W193L E#P71L ORF8#F120FZ ORF8#F120V N#T205I ORF9c#L52F
B.1.36	nsp1#R24C nsp1#E37D nsp1#Q44R nsp1#I114T nsp1#G137S nsp2#G12D nsp2#R46S nsp2#G88E nsp2#G115C nsp2#S122F nsp2#S128L nsp2#P129S nsp2#E131G nsp2#S138L nsp2#L140F nsp2#K142R nsp2#A174V nsp2#S263P nsp2#L270F nsp2#I273V nsp2#V381A nsp2#I393T nsp2#M404V nsp2#A476V nsp2#K489E nsp2#K489N nsp2#T547I nsp2#L572F nsp2#T601A nsp2#K618N nsp3#E95D nsp3#S126L nsp3#A150T nsp3#L151F nsp3#E156G nsp3#V238L nsp3#N276I nsp3#V325F nsp3#S332T nsp3#S370L nsp3#P395S nsp3#S403L nsp3#F430S nsp3#T432I nsp3#P447S nsp3#V469M nsp3#V527L nsp3#D806G nsp3#T864I nsp3#A890V nsp3#K963R nsp3#P968L nsp3#P1103L nsp3#S1134L nsp3#P1159L nsp3#A1179V nsp3#S1197I nsp3#T1198I nsp3#S1212L nsp3#A1262V nsp3#S1285F nsp3#T1306I nsp3#R1341Q nsp3#M1376I nsp3#M1436I nsp3#M1441I nsp3#T1446I nsp3#TGY1446N nsp3#G1451C nsp3#K1693N nsp3#M1788L nsp3#V1795F nsp3#A1803V nsp4#M33I nsp4#A128V nsp5#S46A nsp5#S81F nsp5#K88R nsp5#K90N nsp5#R105H nsp5#S121L nsp5#A191V nsp6#A2V nsp6#L37F nsp6#V84F nsp6#M100I nsp6#V121L nsp6#V149F nsp6#M183I nsp6#V190F nsp6#L227F nsp6#Q290H nsp8#P10S nsp8#A74V nsp8#D143G nsp8#Q168R nsp8#P178S nsp9#T35I nsp12#P21S nsp12#K91E nsp12#D170Y nsp12#H295Y nsp12#A311V nsp12#P323L nsp12#A656S nsp12#T806I nsp12#Q822H nsp13#P53L nsp13#V247F nsp13#D260Y nsp13#A267V nsp13#A296S nsp13#T413I nsp13#T599N nsp14#T16A nsp14#P43L nsp14#G44S nsp14#V182L nsp14#Q262R nsp14#K376R nsp14#P451S nsp15#S147I nsp15#L200S nsp15#P205S nsp15#R206S nsp15#I222V nsp16#T91M nsp16#K160R nsp16#M247I nsp16#R255K S#C15F S#A27S ORF2b#M6I S#A67S ORF2b#L19F S#D80Y S#T95S ORF2b#L35V S#D138Y S#E156D S#L176F S#E180K S#PI209P S#S477N S#E554Q S#A570S S#T572I S#Q613H S#D614G S#V622F S#Y674YQT S#Q675H S#Q677H S#P681H S#M731I S#S929I S#D936H S#K1073N S#A1078S S#R1107S S#D1118H S#V1122L S#E1202Q S#D1260Y ORF3a#T9K ORF3a#V13L ORF3a#D22Y ORF3a#T32I ORF3c#L11Q ORF3d#C11W ORF3a#V55G ORF3c#F34V ORF3a#Q57H ORF3c#R36I ORF3d#E14* ORF3a#S60F ORF3c#P39S ORF3d#Q22* ORF3a#K67N ORF3d#E24* ORF3d#T27I ORF3d2#T3I ORF3d#S46I ORF3d2#S22I ORF3a#V90F ORF3d#W56L ORF3d2#W32L ORF3a#G100C ORF3a#L106F ORF3a#V112F ORF3b#M1I ORF3a#D142H ORF3a#D155Y ORF3a#T164TS ORF3a#S171L ORF3a#G172V ORF3a#G172C ORF3a#G174C ORF3a#G174V ORF3a#T223I ORF3a#G224C ORF3a#E241* ORF3a#S272R ORF3a#L275F M#A85S M#M91I ORF6#P57L ORF6#*62Z ORF7a#T14I ORF7a#V93F ORF7a#E95Q ORF7a#T120I ORF7b#A15S ORF7b#T40I ORF8#A15V ORF8#H17Y ORF8#C25F ORF8#H28Y ORF8#C37F ORF8#W45L ORF8#A51V ORF8#E64* ORF8#P93S ORF8#I121Z N#D3Y ORF9b#A11V N#G34W N#A35V ORF9b#R32C ORF9b#A57V ORF9c#A38V N#S194L ORF9c#Q41* N#R203K ORF9c#G50R N#T205I ORF9c#L52F N#A211V N#V270L N#S327L N#D358N N#D377Y N#P383S N#T391I N#V392L ORF10#N25K ORF10#A28V ORF10#D31Y
B.1.36.16	nsp3#E731G nsp3#K963E nsp3#A1183S nsp3#P1228L nsp6#L37F nsp12#P323L S#D614G ORF3c#R13L ORF3a#Q57H ORF3c#R36I ORF3d#E14* N#S194L ORF9c#Q41*
B.1.36.17	nsp2#V381A nsp3#K902N nsp3#G1389C nsp12#P323L S#D614G S#V772I ORF3a#Q57H ORF3c#R36I ORF3d#E14* ORF3a#G172C N#S194L ORF9c#Q41*
B.1.36.19	nsp2#P552S nsp3#H101Y nsp12#P323L nsp12#K478N nsp16#V294F S#D614G ORF3a#Q57H ORF3c#R36I ORF3d#E14* ORF3a#K67N ORF3d#E24* ORF3a#L86F ORF3d#V43F ORF3d2#V19F ORF3a#V163L ORF3a#T223I ORF8#S24A ORF8#A65S N#M101I N#S194L ORF9c#Q41* N#P279Q
B.1.36.22	nsp2#V381A nsp3#S126L nsp3#V238L nsp3#A1179V nsp3#G1273C nsp4#N5S nsp5#K90R nsp12#P323L S#D614G ORF3c#L32F ORF3d#C10F ORF3a#A54S ORF3a#Q57H ORF3c#R36I ORF3d#E14* ORF3a#T223I ORF7b#A15S ORF9b#P3L ORF9b#M56I N#G60R N#S194L ORF9c#Q41*
B.1.36.24	nsp6#G135S nsp12#P323L S#L5F S#E96D ORF2b#R36I S#D614G ORF3a#Q57H ORF3c#R36I ORF3d#E14* ORF8#A15T N#S194L ORF9c#Q41*
B.1.36.29	nsp2#A336V nsp3#T183I nsp5#K90R nsp5#S284G nsp6#G107C nsp12#P323L nsp13#F373S nsp15#K259R nsp16#L126F S#N440K S#D614G S#V615I ORF3a#Q57H ORF3c#R36I ORF3d#E14* ORF3a#E261* ORF8#S97I N#S2P N#S194L ORF9c#Q41* N#A211V N#T417I
B.1.36.31	nsp1#H83R nsp2#A306V nsp2#L451F nsp3#P141H nsp3#K233N nsp3#P1103S nsp3#D1242E nsp3#T1269I nsp3#V1312F nsp3#A1431V nsp3#M1441I nsp3#G1524V nsp6#L37F nsp6#V84F nsp12#P323L nsp13#A403V nsp13#P504L nsp16#K160R S#L18F S#R102S S#D138Y S#A222V S#K558N S#D614G S#S673T S#T859I S#A1078S S#M1237I S#P1263Q ORF3a#T24I ORF3c#L3F ORF3a#S26L ORF3c#Q5* ORF3a#Q57H ORF3c#R36I ORF3d#E14* ORF3a#S74F ORF3a#K75N ORF3d#G32W ORF3d2#G8W ORF3a#L106F ORF3a#D155H ORF3a#T175I ORF3a#S177R ORF3a#V255F E#T9I ORF6#I18V ORF7a#V24F ORF7a#P34L ORF7a#C67F ORF7b#F13Z ORF7b#A15S N#S193I ORF9c#V40F N#S194L ORF9c#Q41* N#M234L N#Q389H ORF10#R24H
B.1.36.33	nsp2#L35F nsp3#T182I nsp3#V393F nsp9#L42F nsp12#A43V nsp12#P323L nsp14#T16I nsp14#P327S ORF2b#I20T S#PI209P S#D614G ORF3a#Q57H ORF3c#R36I ORF3d#E14* N#Q83R ORF9b#K80E N#D144T N#S194L ORF9c#Q41*
B.1.36.34	nsp3#P74S nsp3#E642K nsp3#T725I nsp12#P323L nsp14#S255C S#D614G ORF3a#Q57H ORF3c#R36I ORF3d#E14* ORF7a#E121* ORF7b#M1I ORF7a#*122L N#S194L ORF9c#Q41*
B.1.36.9	nsp2#A306V nsp2#I468V nsp3#P141H nsp3#P985S nsp6#V84F nsp12#P323L S#R102S S#A222V S#D614G S#T859N ORF3a#T24I ORF3c#L3F ORF3a#Q57H ORF3c#R36I ORF3d#E14* ORF3a#T175I ORF7b#A15S ORF8#S67P N#S194L ORF9c#Q41*
B.1.361	nsp1#D147G nsp2#T85I nsp2#G220S nsp2#M609I nsp3#M1218I nsp5#K90R nsp6#V149F nsp12#P323L nsp14#P43L nsp16#K141R S#D614G ORF3a#Q57H ORF3c#R36I ORF3d#E14* N#S190I ORF9c#V37F
B.1.369	nsp2#T85I nsp3#T1288I nsp12#P323L nsp14#D390N nsp15#P270L S#D614G S#A688V ORF3a#Q57H ORF3c#R36I ORF3d#E14* ORF8#S21N ORF8#Y46H N#Q43R ORF9b#K40E N#S183Y ORF9c#L30I ORF9c#T39I ORF10#L37F
B.1.396	nsp2#P129L nsp4#L323I nsp12#P323L nsp13#A134S S#L176F S#D614G ORF3a#E226V ORF9b#A57V N#S194L ORF9c#Q41* ORF10#I4V
B.1.399	nsp2#H237Y nsp3#A655V nsp12#P323L nsp13#S166L nsp14#V120I nsp15#P205S S#H49Y S#D614G N#S194L ORF9c#Q41* N#T205I ORF9c#L52F
B.1.400	nsp2#P125PZ nsp2#V126F nsp3#N1349D nsp5#P96L nsp7#V33I nsp12#P323L nsp15#A117T S#E583D S#D614G ORF3a#G11R ORF3c#R15L ORF3a#Q57H ORF3c#R36I ORF3d#E14* ORF3a#L108F ORF8#V62L N#S193I ORF9c#V40F N#S194L ORF9c#Q41*
B.1.411	nsp2#T85I nsp2#T166I nsp6#L37F nsp12#P323L nsp12#D445G nsp12#M666I nsp12#Q932H S#D614G S#H1159Y ORF3a#Q57H ORF3c#R36I ORF3d#E14* ORF8#Q18* N#T205I ORF9c#L52F
B.1.416	nsp2#S263F nsp3#K412N nsp12#P323L nsp13#A292V S#G142S S#V193L S#L452M S#S477N S#D614G N#D144H N#S187L ORF9c#H34Y
B.1.427	nsp2#T85I nsp2#I349T nsp3#T1465I nsp4#S395T nsp12#P323L nsp12#Q822H nsp13#P53L nsp13#D260Y nsp14#R212K S#S13I S#W152C S#W258L S#L452R S#D614G S#S1252F ORF3c#L4P ORF3a#Q57H ORF3c#R36I ORF3d#E14* ORF7b#A43T ORF8#A65V N#T205I ORF9c#L52F N#D348H
B.1.429	nsp1#R24C nsp2#T85I nsp2#L140F nsp2#G339S nsp2#P624S nsp3#S40F nsp3#T656I nsp3#F776C nsp3#P778S nsp3#H795Y nsp3#A1033V nsp3#T1046A nsp3#D1153N nsp3#I1192T nsp4#V294L nsp4#L447F nsp5#T196M nsp5#Q244R nsp6#A51V nsp9#I65V nsp9#T109I nsp10#L133F nsp10#LR133LN nsp12#P323L nsp12#M463I nsp13#D260Y nsp13#T351I nsp14#S28I nsp14#L157F nsp16#A192T S#S13I S#T22I ORF2b#L11P S#G72V ORF2b#G12* S#FLGV140Z S#W152C S#L452R S#A522P S#D614G S#L938F S#V1033A ORF3a#Q57H ORF3c#R36I ORF3d#E14* ORF3a#T175I M#L17F ORF6#K42N ORF8#V32L ORF8#D75Y ORF8#V100L ORF9c#Q20L N#T205I ORF9c#L52F N#M234I N#P383L N#P383S
B.1.438	nsp1#L123F nsp2#M117V nsp2#I251M nsp3#I967T nsp12#P323L nsp13#P53L nsp15#T112N S#D614G S#H655Y ORF3a#V13L ORF3a#Q57H ORF3c#R36I ORF3d#E14* ORF3a#S171L ORF8#E106Q N#D401Y
B.1.441	nsp3#L1304F nsp4#V103M nsp12#P323L nsp13#A296S S#D614G ORF3a#Q57H ORF3c#R36I ORF3d#E14* N#L139F N#S194L ORF9c#Q41*
B.1.459	nsp2#P13L nsp2#P91L nsp2#T256I nsp3#V50L nsp3#F53L nsp3#P153H nsp3#D174Y nsp3#K390R nsp3#T423I nsp3#M560I nsp3#P822L nsp3#S1197T nsp3#P1867T nsp5#P108L nsp5#A260V nsp6#L37F nsp6#M83V nsp9#T35I nsp12#P94L nsp12#P323L nsp12#G596S nsp13#T127I nsp13#I370V nsp14#A85S nsp14#S461A nsp15#D282Y S#V3G S#L5F S#V213A S#V367F S#T573I S#A575S S#D614G S#S689R S#L1024F S#H1083Y S#G1085A S#E1207D ORF3a#V48A ORF3a#Q57H ORF3c#R36I ORF3d#E14* ORF3a#S171L ORF3a#G174D ORF3a#S180F ORF3a#W193R ORF7a#VRGTTVLLKEPCSSGTYEGNSPFHPLADNKFALTCFSTQFAFACPDGVKHVYQLRARSVSPKLFIRQEEVQELYSPIFLIVAAIVFITLCFTLKRKTE24V ORF7a#H47Y ORF8#S54L ORF8#A65V ORF8#V81A ORF9b#R32L N#A119S N#E136G N#D144E N#S193I ORF9c#V40F N#R203M ORF9c#G50W N#M234I N#D343Y N#T362I
B.1.466.2	nsp1#H110Y nsp2#R27C nsp2#A302V nsp2#A336V nsp2#D409G nsp2#A419V nsp2#A510V nsp2#K618N nsp3#P2L nsp3#S126L nsp3#P192H nsp3#T350I nsp3#P822L nsp3#T936A nsp3#T942I nsp3#Q995H nsp3#T1189I nsp3#S1578G nsp3#V1582I nsp3#V1762I nsp3#L1802F nsp3#K1804R nsp4#I289V nsp6#L37F nsp6#K63R nsp6#L75F nsp6#V121L nsp6#V149A nsp6#V149F nsp7#E50G nsp9#T24I nsp9#T35I nsp10#A104V nsp12#P323L nsp13#S259L nsp13#P402F nsp13#I575V nsp14#P43S nsp14#M72I nsp14#L157F nsp14#P203S nsp14#D291E nsp15#L162F nsp16#T140K nsp16#K160R nsp16#M270V S#Q239R S#V308L S#N439K S#D614G S#P681R S#A879S S#T1117I S#D1163Y S#Q1208H ORF3a#Q57H ORF3c#R36I ORF3d#E14* ORF3d#P21L ORF3a#L65F ORF3a#K67N ORF3d#E24* ORF3d#C55F ORF3d2#C31F ORF3a#A99S ORF3a#E102D ORF3a#L108F ORF3a#A110S ORF3a#Y113H ORF3a#S165F ORF3a#T223I M#A2S ORF6#L4F ORF7a#S98F ORF8#S67F ORF9b#R13H N#A55S N#I131L N#P151L N#A182V ORF9c#P29S N#T205I ORF9c#L52F ORF9c#W57C N#A211S N#M234I N#E378Q
B.1.468	nsp2#P129S nsp3#A58T nsp3#L761F nsp3#L1244F nsp6#Y196C nsp6#L260F nsp12#P323L nsp13#R248G nsp13#Q586L S#L5F S#R246K S#D614G S#P812L S#C1243F ORF3a#Q57H ORF3c#R36I ORF3d#E14* ORF3d#C44S ORF3d2#C20S ORF3a#V88L M#T7I ORF8#V62L ORF9c#S4L
B.1.470	nsp1#G150C nsp2#L217V nsp3#A534V nsp3#T656I nsp3#T819I nsp3#A861V nsp3#P1044S nsp3#T1250I nsp3#AA1310A nsp3#P1316H nsp3#N1713S nsp4#G309C nsp5#K90R nsp6#A56V nsp6#SGFK106K nsp8#T141M nsp12#P227L nsp12#P323L nsp12#H613Y nsp13#A18V nsp14#M72I nsp15#S161I nsp15#L331F S#S12F S#L141F S#D614G S#Q675H S#Q677H S#P681H ORF3c#Q5H ORF3a#D27H ORF3a#T32I ORF3c#S22L ORF3a#Q57H ORF3c#R36I ORF3d#E14* ORF3a#K75N ORF3d#G32W ORF3d2#G8W ORF3a#D155H ORF3a#S171L ORF3a#G174C ORF3a#S220I ORF3a#D222Y E#L21F ORF7b#E39* N#T24I N#P46S N#S194L ORF9c#Q41* N#T205I ORF9c#L52F N#V270L ORF10#Q29*
B.1.471	nsp2#ND267N nsp3#T64I nsp3#T451S nsp12#P323L nsp13#P53S nsp14#S450G nsp16#R216H S#D614G S#Q675R ORF3c#S22L ORF3a#Q57H ORF3c#R36I ORF3d#E14* ORF3a#W128L ORF7a#YQL75Z N#T205I ORF9c#L52F N#R209I ORF9c#E56*
B.1.474	nsp1#L92F nsp2#R365Q nsp3#H682Y nsp3#G1849D nsp4#A22T nsp4#LL435L nsp6#L37F nsp12#P323L nsp13#V226L nsp14#L177F nsp16#P215L nsp16#R216N S#D614G S#P681H S#D796Y ORF3a#Q57H ORF3c#R36I ORF3d#E14* ORF3a#S216P ORF8#T26N N#R195T ORF9c#E42Q N#T205I ORF9c#L52F
B.1.480	nsp2#L24F nsp5#S284G nsp12#P323L nsp12#V435F S#T572I S#D614G S#M1229I ORF3a#Q57H ORF3c#R36I ORF3d#E14* N#S194L ORF9c#Q41*
B.1.497	nsp2#T85I nsp7#S25L nsp12#P323L nsp14#K311N nsp16#Q6L S#T553I S#D614G ORF3a#Q57H ORF3c#R36I ORF3d#E14*
B.1.517	nsp2#T85I nsp3#G171V nsp3#K1162R nsp3#W1414C nsp4#T215I nsp12#P323L nsp16#P236S S#G252V S#N501T S#D614G ORF3a#Q57H ORF3c#R36I ORF3d#E14* N#T135I N#S206F ORF9c#L53F
B.1.520	nsp2#T85I nsp12#P323L S#D614G S#R765L ORF3a#Q57H ORF3c#R36I ORF3d#E14*
B.1.524	nsp3#V418F nsp3#T1198I nsp4#T28I nsp5#T24A nsp12#P323L nsp13#L428F nsp16#P236L S#R214L S#D614G S#A701V ORF3a#S92L N#S194L ORF9c#Q41*
B.1.525	nsp2#G199E nsp2#G262C nsp2#V440F nsp3#V325F nsp3#E405A nsp3#V481L nsp3#H795Y nsp3#P1103A nsp3#T1189I nsp6#SGFK106K nsp10#N3S nsp10#P37S nsp12#P323F nsp13#R155C nsp13#V510I nsp14#T75I nsp14#V287F nsp16#M270I S#T19I S#Q52R S#A67V S#IHV68I ORF2b#YMS8S S#VY143V S#W152L S#I434V S#E484K S#D614G S#Q677H S#D796H S#F888L S#K1191N ORF3a#G11E ORF3c#L26F ORF3d#C4F ORF3a#V48F ORF3d#L30F ORF3d2#L6F ORF3a#S92L ORF3d#C55R ORF3d2#C31R ORF3a#D155Y ORF3a#S165F E#L21F M#I82T ORF6#FH2H ORF7a#P45L N#SD2Y N#N11I ORF9b#M8L N#A12G N#A12V ORF9b#H9D ORF9b#H9Y N#T205I ORF9c#L52F
B.1.526	nsp1#G49C nsp2#T85I nsp2#E109D nsp3#V50L nsp3#S126L nsp3#S148SSZ nsp3#A150L nsp3#QP152QV nsp3#E155EZ nsp3#QE157Z nsp3#P1044S nsp3#G1128S nsp3#T1365I nsp4#L438P nsp6#SGFK106K nsp8#A74V nsp12#V257A nsp12#P323L nsp13#Q88H nsp15#V35F nsp15#P262S nsp16#K160R S#L5F S#T95I S#D253G S#S477N S#D614G S#I870V S#Q957R ORF3a#P42L ORF3c#L21F ORF3a#Q57H ORF3c#R36I ORF3d#E14* ORF7a#L116F ORF8#T11I N#P13L ORF9b#P10S N#S202R ORF9c#V49G
B.1.527	nsp2#A225V nsp2#T547I nsp3#E124G nsp3#V207L nsp3#T703I nsp3#S1212L nsp4#M458I nsp12#P323L nsp14#D324Y S#T572I S#D614G ORF3a#Y184H N#D3N
B.1.530	nsp3#Q191R nsp12#A185V nsp12#P323L nsp13#M233I nsp14#S434G S#G261V S#D614G S#P681H ORF3d#C55F ORF3d2#C31F ORF3a#A99S ORF8#S69P N#T205I ORF9c#L52F
B.1.533	nsp2#P129S nsp2#C509Y nsp2#T528I nsp3#P778L nsp3#P822L nsp12#P323L nsp14#S461L nsp16#K182N S#L18F S#D614G S#A1078S ORF3a#G18V ORF3a#Q57H ORF3c#R36I ORF3d#E14* M#L87F ORF7b#H42Y N#RG203KR ORF9c#GE50NE
B.1.540	nsp3#N208S nsp3#A564V nsp12#P323L S#D614G ORF7a#P34S ORF7b#A43S ORF8#Q23* ORF8#R52I ORF8#E110* N#D144Y N#T205I ORF9c#L52F
B.1.541	nsp2#E37K nsp2#T85I nsp2#A174V nsp3#L27F nsp12#P323L nsp13#M576I nsp14#E204D nsp15#V148F ORF2b#M6I S#A67S S#D614G ORF3a#Q57H ORF3c#R36I ORF3d#E14* ORF3a#T89I ORF3d#R53C ORF3d2#R29C N#S187L ORF9c#H34Y
B.1.554	nsp2#E574D nsp3#A1570V nsp12#P323L S#D614G ORF3a#D173Y M#A2V N#S194L ORF9c#Q41* N#R209I ORF9c#E56*
B.1.558	nsp2#T547I nsp3#S126L nsp3#I1094V nsp12#P323L nsp12#E744D ORF2b#M14I S#G75R S#D614G N#S194L ORF9c#Q41* N#D377Y
B.1.564	nsp2#T85I nsp3#A85V nsp8#T141M nsp12#P323L S#D614G S#P681R ORF3a#Q57H ORF3c#R36I ORF3d#E14* ORF8#D35Y N#Q9H ORF9b#S6I N#S183Y ORF9c#L30I
B.1.565	nsp1#D144A nsp2#H208Y nsp3#K384N nsp3#F1141L nsp3#T1189I nsp3#A1736V nsp5#G71V nsp12#M196I nsp12#P323L nsp15#P270L S#D614G ORF3a#D155H N#S235F
B.1.575	nsp2#T85I nsp3#T1378P nsp3#S1406F nsp4#T492I nsp6#T181I nsp12#P323L nsp13#P47S nsp14#L157F S#S494P S#D614G S#P681H S#T716I ORF3a#Q57H ORF3c#R36I ORF3d#E14* M#I82T N#T205I ORF9c#L52F
B.1.595	nsp2#T85I nsp2#K142R nsp4#F326L nsp5#L89F nsp12#P323L nsp12#E729A nsp13#A368V nsp14#V181A nsp15#V317F S#S459F S#D614G S#D1118Y ORF3a#Q57H ORF3c#R36I ORF3d#E14* ORF8#S24L N#P13R ORF9b#P10A
B.1.596	nsp2#T85I nsp3#I1258T nsp3#M1788I nsp5#L89F nsp8#Q24R nsp12#P323L nsp12#V605I nsp13#R442Q nsp14#N129D nsp15#V22L nsp16#R216C S#D614G ORF3a#I10L ORF3a#Q57H ORF3c#R36I ORF3d#E14* ORF3a#T151I ORF3a#G172V E#L21V ORF7a#FSTQFAFACPDGVKHV59Z ORF7a#R78L ORF8#S24L N#P67S N#P199L ORF9c#Q46* N#A208V N#E378Q N#A414S
B.1.609	nsp12#P323L nsp12#L638F nsp13#S236I S#D614G
B.1.612	nsp2#T85I nsp3#P389L nsp5#K90R nsp12#R173C nsp12#P323L nsp16#N268K S#V3VF S#L5F S#D614G ORF3a#Q57H ORF3c#R36I ORF3d#E14* N#S190I ORF9c#V37F
B.1.617.1	nsp1#V54I nsp1#H110Y nsp2#S196L nsp2#G465S nsp3#T749I nsp3#N873K nsp4#S34F nsp5#T21I nsp6#T77A nsp8#S85N nsp9#G37R nsp9#T67I nsp12#P323L nsp12#K478N nsp12#V675I nsp13#G206C nsp13#A368S nsp13#D383E nsp13#M429I nsp14#T21A nsp14#M315I nsp14#A353V nsp15#P65S nsp15#P205S nsp15#A217S nsp15#K259R nsp15#S261A nsp16#K160R S#T95I S#I105V S#G142D S#E154K S#Q218H S#V382L S#L452R S#E484Q S#D614G S#P681R S#Q1071H S#H1101D S#D1153Y ORF3a#S26L ORF3c#Q5* ORF3d#M25V ORF3d2#M1V M#I82S ORF6#A12V ORF6#I33T ORF6#I36T ORF7a#N43Y ORF7a#R80I ORF7a#V82A ORF7a#K119N ORF8#S69L N#D3Y ORF9c#P33H N#R203M ORF9c#G50W N#S310N N#D377Y N#R385I N#Q418H
B.1.617.2	nsp1#L4F nsp1#G7V nsp1#G7D nsp1#P19L nsp1#V26L nsp1#H45Y nsp1#H45R nsp1#VMV84V nsp1#MVE85K nsp1#M85I nsp1#E87D nsp1#L104F nsp1#V121I nsp1#R124C nsp1#G132S nsp1#KSFD141D nsp1#K141N nsp2#R4C nsp2#R27C nsp2#S36Y nsp2#G47V nsp2#E66G nsp2#K81N nsp2#G115C nsp2#S122F nsp2#V126F nsp2#P129L nsp2#M135I nsp2#T153M nsp2#V157F nsp2#K158N nsp2#T175N nsp2#L180S nsp2#P191L nsp2#S196L nsp2#P200S nsp2#G212C nsp2#R218C nsp2#R218H nsp2#T223I nsp2#V230A nsp2#I251M nsp2#V259F nsp2#E277G nsp2#E291A nsp2#A318V nsp2#V323F nsp2#C326Y nsp2#G339S nsp2#G339D nsp2#A340V nsp2#A375V nsp2#A419V nsp2#T434I nsp2#P446L nsp2#V447F nsp2#E460D nsp2#C477F nsp2#Q496P nsp2#A510V nsp2#A518V nsp2#T531A nsp2#E565D nsp2#T573I nsp2#E574D nsp2#E587Q nsp2#P624S nsp3#V34A nsp3#K38T nsp3#E49D nsp3#S69F nsp3#L72F nsp3#P74S nsp3#P74L nsp3#E81A nsp3#P109L nsp3#E115G nsp3#S126L nsp3#P141L nsp3#T147N nsp3#G175D nsp3#S176I nsp3#P192L nsp3#Q193H nsp3#E195D nsp3#EMELT195T nsp3#M196T nsp3#Q203H nsp3#G250E nsp3#N262D nsp3#D271Y nsp3#I273V nsp3#I273T nsp3#G283S nsp3#H295Y nsp3#L312F nsp3#G334C nsp3#T353I nsp3#F372L nsp3#FL372L nsp3#K384N nsp3#E387D nsp3#P402T nsp3#T424I nsp3#A488S nsp3#A579V nsp3#Q585H nsp3#R586H nsp3#I591V nsp3#Y600C nsp3#T611I nsp3#A655V nsp3#T678I nsp3#S692F nsp3#S702F nsp3#T725I nsp3#D729Y nsp3#T740I nsp3#G773R nsp3#T808P nsp3#F814L nsp3#E815D nsp3#P822L nsp3#T847I nsp3#E906D nsp3#K927R nsp3#V932A nsp3#I967M nsp3#M988V nsp3#A994V nsp3#T1036I nsp3#P1044L nsp3#I1045V nsp3#NF1109I nsp3#A1179V nsp3#W1196C nsp3#C1223F nsp3#P1228L nsp3#E1231G nsp3#E1231D nsp3#V1243F nsp3#L1244F nsp3#T1250P nsp3#NN1263N nsp3#SL1265I nsp3#I1268V nsp3#T1269I nsp3#H1274Y nsp3#A1279V nsp3#E1294D nsp3#H1307Y nsp3#A1311V nsp3#P1316S nsp3#T1319A nsp3#R1341W nsp3#Y1350C nsp3#A1374V nsp3#S1375F nsp3#P1403S nsp3#P1403L nsp3#T1465I nsp3#S1467F nsp3#P1469S nsp3#T1482I nsp3#I1491V nsp3#S1494L nsp3#L1505S nsp3#A1507V nsp3#S1571L nsp3#S1670F nsp3#V1673I nsp3#G1681V nsp3#S1682F nsp3#D1688N nsp3#A1711V nsp3#P1719S nsp3#A1736V nsp3#D1764G nsp3#D1774G nsp3#T1793I nsp3#V1795F nsp3#S1813P nsp3#A1818T nsp3#T1830I nsp3#S1843F nsp3#A1883V nsp4#I23T nsp4#S34F nsp4#D38N nsp4#A48V nsp4#D70N nsp4#A92V nsp4#V103M nsp4#A146V nsp4#F159L nsp4#V167L nsp4#S197F nsp4#S209F nsp4#D217N nsp4#L264F nsp4#I280V nsp4#C296F nsp4#G309S nsp4#M366I nsp4#P371S nsp4#F375S nsp4#I377M nsp4#T387I nsp4#A446V nsp4#T492I nsp5#S46F nsp5#K61R nsp5#V73I nsp5#K90R nsp5#P108S nsp5#S121L nsp5#A129V nsp5#A191V nsp5#A191T nsp5#I213V nsp5#D263G nsp5#G283C nsp6#A2V nsp6#H11Q nsp6#T17I nsp6#L19F nsp6#V24F nsp6#Q27R nsp6#S32F nsp6#L37F nsp6#M52V nsp6#T77A nsp6#M83I nsp6#A117V nsp6#L142F nsp6#V149A nsp6#T181I nsp6#Q208R nsp6#Q208H nsp6#F216L nsp6#V289I nsp7#S26F nsp7#L71F nsp7#D77N nsp8#F15L nsp8#A63S nsp8#I132V nsp8#V160I nsp9#T19I nsp9#T34I nsp9#L51F nsp9#P57L nsp9#T64A nsp9#A107T nsp9#T109I nsp10#A4V nsp10#I55T nsp10#T102I nsp10#L138F nsp11#S6L nsp12#S6L nsp12#T26I nsp12#K91R nsp12#V96I nsp12#A97V nsp12#I106L nsp12#G108D nsp12#R118H nsp12#M124I nsp12#L131S nsp12#C151Y nsp12#A176T nsp12#A185V nsp12#F192V nsp12#M196I nsp12#M196V nsp12#A199V nsp12#I201V nsp12#P227L nsp12#G228S nsp12#S255A nsp12#V257F nsp12#T293I nsp12#V299F nsp12#A311S nsp12#T319I nsp12#P323L nsp12#P323F nsp12#V335F nsp12#S384P nsp12#A406S nsp12#A423V nsp12#A443V nsp12#S451I nsp12#V473F nsp12#Y521H nsp12#E522A nsp12#A547V nsp12#I589V nsp12#M601I nsp12#V609I nsp12#H613Y nsp12#L638F nsp12#T643A nsp12#G671S nsp12#V700I nsp12#C730R nsp12#G774C nsp12#T803I nsp12#M818V nsp12#Q822H nsp12#D824G nsp12#Y828H nsp12#L838I nsp12#D893Y nsp12#P918S nsp13#L43F nsp13#P53S nsp13#D56A nsp13#P77L nsp13#P78S nsp13#V154L nsp13#H164Y nsp13#S166L nsp13#Y180C nsp13#G206V nsp13#Y253H nsp13#S259L nsp13#E261D nsp13#E261G nsp13#A296S nsp13#P300L nsp13#I334V nsp13#V348L nsp13#S350L nsp13#E365D nsp13#A389V nsp13#R392C nsp13#A469S nsp13#I592V nsp14#V14L nsp14#P43S nsp14#P46L nsp14#P46F nsp14#M72I nsp14#T75N nsp14#R98K nsp14#A119V nsp14#S137G nsp14#I150T nsp14#P158S nsp14#P203L nsp14#P203S nsp14#R213L nsp14#T250I nsp14#S255I nsp14#A323S nsp14#A353S nsp14#Q354H nsp14#A360S nsp14#A371V nsp14#S374F nsp14#A394V nsp14#L409F nsp14#P412S nsp14#P451L nsp14#A504S nsp15#V22L nsp15#T33I nsp15#V35F nsp15#A81V nsp15#K109T nsp15#T114M nsp15#L167S nsp15#V186F nsp15#Q196H nsp15#H234Y nsp15#R257C nsp15#R257L nsp15#K259R nsp15#M271I nsp15#D272Y nsp15#C290F nsp15#S308F nsp15#V320L nsp15#H337R nsp15#E339Q nsp16#M17I nsp16#T35I nsp16#V44I nsp16#T91M nsp16#T110I nsp16#D114E nsp16#N138T nsp16#T140I nsp16#K160R nsp16#A168V nsp16#D179N nsp16#P215L nsp16#P236L nsp16#I237H nsp16#Q238H nsp16#M270I S#L5F S#S12F S#Q14H S#L18F S#L18H S#T19R S#R21T S#P26L S#A27S S#T29A S#K77T S#D80A ORF2b#I20L S#P82T S#V83F S#T95I S#V120F S#D138Y S#D138H S#G142D S#H146Y S#W152L S#E154G S#EFR156G S#Q173H S#P174S S#L176F S#D178H S#G181V S#G181E S#G184V S#T208M S#R214H S#Q218H S#A222V S#L229F S#A243S S#L244S S#H245Y S#T250I S#P251L S#D253G S#D253A S#S254F S#S255F S#A262V S#P272H S#T299I S#I312V S#S373P S#K444N S#G446V S#L452R S#T470I S#T478K S#E484Q S#E484A S#L513F S#A522V S#T547I S#T572I S#T573I S#D574Y S#Q613H S#D614G S#P631S S#G639A S#S640P S#N641D S#Q675H S#Q677H S#P681R S#A688V S#A694V S#T732I S#E748Q S#G769V S#G769A S#G798S S#G799V S#P809S S#D839Y S#A845S S#I850L S#K854N S#A871V S#G885S S#A892V S#D950N S#S967G S#D979E S#A1020S S#H1058Y S#N1074S S#A1078S S#V1104L S#E1111Q S#D1127G S#L1141W S#E1144Q S#D1146H S#E1150D S#P1162S S#G1167V S#D1199H S#E1207D S#A1226T S#V1228L S#M1237I S#C1243F S#S1252F S#D1259Y S#P1263L S#V1264L S#L1265F ORF3a#K16N ORF3a#K16T ORF3c#L2P ORF3a#P25L ORF3c#L4F ORF3a#S26L ORF3c#Q5* ORF3c#L11R ORF3a#I35T ORF3a#I35M ORF3c#Y14H ORF3c#Y14C ORF3c#Y16* ORF3a#Q38K ORF3a#A51V ORF3c#H30Y ORF3d#T8I ORF3a#L52F ORF3c#L32F ORF3d#C10F ORF3a#A54V ORF3a#A54S ORF3d#C11F ORF3d#C11Y ORF3a#V55F ORF3a#V55I ORF3a#Q57R ORF3c#R36G ORF3c#P39L ORF3d#Q17* ORF3a#I63T ORF3a#T64I ORF3d#G32R ORF3d2#G8R ORF3d#S34L ORF3d2#S10L ORF3a#H78Y ORF3a#T89I ORF3d#S46I ORF3d2#S22I ORF3a#V90F ORF3d#L48F ORF3d2#L24F ORF3d#W56C ORF3d2#W32C ORF3a#G100V ORF3a#E102K ORF3a#A103AP ORF3a#A103AZ ORF3a#P104S ORF3a#F105S ORF3a#S117I ORF3a#I118V ORF3a#I118T ORF3a#V121L ORF3a#W128L ORF3b#T4I ORF3b#A8V ORF3a#H150R ORF3b#I10V ORF3a#D155Y ORF3a#Y160H ORF3a#S166L ORF3a#S171L ORF3a#T175I ORF3a#E181G ORF3a#I186T ORF3a#V202L ORF3a#T217I ORF3a#T223I ORF3a#G224C ORF3a#G224V ORF3a#K235I ORF3a#V237L ORF3a#D238Y ORF3a#H243L ORF3a#N257Z E#V62F E#D72Y M#A2S M#A2V M#D3G M#T7I M#T30I M#C33S M#R44S M#W55C M#I82T M#P123S M#H125Y M#L138P M#A142V M#S197N ORF6#F2L ORF6#R20S ORF6#T21I ORF6#E46V ORF6#K48N ORF6#Q51R ORF6#E55Q ORF7a#A8V ORF7a#T11I ORF7a#L31F ORF7a#P34L ORF7a#P34T ORF7a#G38V ORF7a#E41D ORF7a#E41* ORF7a#P45L ORF7a#P48L ORF7a#PLA48Z ORF7a#LADNKFALTCFSTQFAFACPDGVKHVYQLRA49Z ORF7a#ALTCFSTQFAFACPDGVKHVYQLR55R ORF7a#DGVKHVYQL69Z ORF7a#V71I ORF7a#Q76* ORF7a#A79V ORF7a#V82A ORF7a#V82S ORF7a#P84S ORF7a#P84L ORF7a#Q90* ORF7a#E91D ORF7a#Q94H ORF7a#IFL100I ORF7a#V104F ORF7a#A105S ORF7a#I107L ORF7a#L112P ORF7a#L116F ORF7a#R118G ORF7a#T120I ORF7b#F13Z ORF7b#L14S ORF7b#S31L ORF7b#E39* ORF7b#E39Q ORF7b#T40I ORF8#F3LZ ORF8#G8V ORF8#E19* ORF8#C20R ORF8#S24L ORF8#C25Y ORF8#Y31F ORF8#C37R ORF8#I39T ORF8#W45L ORF8#P56L ORF8#L60F ORF8#V62L ORF8#A65V ORF8#A65S ORF8#P93S ORF8#S103P ORF8#D107DZ ORF8#E110Q ORF8#VLDFI117I ORF8#DFI119I ORF8#F120FZ ORF8#I121T ORF9b#P3L N#Q9L ORF9b#S6C N#R10Q ORF9b#E7K ORF9b#H9Q N#P13T N#T16M ORF9b#R13L ORF9b#R13C ORF9b#L14F N#G18C N#D22V ORF9b#I19F ORF9b#R25K ORF9b#R32L ORF9b#Q34R N#R40C N#R40H ORF9b#V37I ORF9b#G38D ORF9b#S50L ORF9b#L52P ORF9b#K59KZ N#D63G N#D63S ORF9b#T60A ORF9b#Q77H N#D81H ORF9b#E85D ORF9b#E86D N#A90S N#G96C N#G96V ORF9b#V93L N#T135I N#A138S N#L139F N#D144H N#P151S ORF9c#A17V N#S180N ORF9c#V27I ORF9c#K28N N#A182S N#S193I ORF9c#V40F N#R203M ORF9c#G50W N#S206F ORF9c#L53F N#A208S N#A208V N#R209I ORF9c#E56* N#G212V ORF9c#A59S N#NGG213N ORF9c#MAV60M ORF9c#A61AZ N#G215C N#G215F N#Q229H N#L230F N#G243C N#K248N N#V270L N#A273S N#Q289H N#E290V N#T296I N#H300Y N#T334A N#T362I N#P364L N#P365S N#A376V N#D377Y N#R385K N#Q389L N#D402Y N#A414S N#Q418H ORF10#N25S ORF10#D31Y ORF10#V33F ORF10#T38A
B.1.619.1	nsp3#A1305V nsp3#E1789K nsp6#SGFK106K nsp6#M183I nsp7#K70R nsp12#P323L S#I210T S#N440K S#E484K S#D614G S#D936N S#S939F S#T1027I M#I82T ORF7a#E22D N#P13L ORF9b#P10S ORF9b#S53L N#S201I ORF9c#A48S N#T205I ORF9c#L52F
B.1.621	nsp2#A294S nsp2#S543F nsp3#T237A nsp3#T720I nsp4#T492I nsp6#Q160R nsp8#A53V nsp12#P323L nsp13#P172H nsp13#P419S nsp14#V125F S#T95I S#V143VT S#Y144S S#Y145N S#R346K S#K417N S#E484K S#N501Y S#D614G S#P681H S#D950N ORF3a#Q57H ORF3c#R36I ORF3d#E14* ORF3a#L106F ORF3a#VN256Z E#V58F ORF7a#C113F ORF8#T11K ORF8#P38S ORF8#S67F ORF9b#R32L N#T205I ORF9c#L52F
B.40	nsp2#I559V nsp2#P585S nsp6#L37F nsp12#T248I ORF3a#G251V
B.50	nsp2#K500N
B.6	nsp1#E55K nsp2#F231L nsp2#A476V nsp2#E575K nsp3#V50L nsp3#A480V nsp3#P654S nsp3#P804S nsp3#T1198K nsp3#P1200T nsp3#T1348I nsp3#T1456I nsp3#N1587D nsp4#V99A nsp5#V13I nsp5#I152V nsp6#L37F nsp6#M83T nsp6#K109N nsp6#I124T nsp12#A43S nsp12#A97V nsp12#A526V nsp12#L636F nsp13#A52V nsp13#K467N nsp13#P504S nsp14#I294V nsp15#P65L nsp16#Q238H S#L5F S#S50P S#M177T S#D614G S#Q675H ORF3a#G18V ORF3c#L7F ORF3a#V29F ORF3a#S166L ORF3a#S171L ORF3a#G254R ORF3a#P262S ORF8#P36T ORF8#A65S ORF8#E110Q N#P13L ORF9b#P10S N#T282I
B.60	nsp3#A1381Z nsp12#P323L S#D614G N#RG203KR ORF9c#GE50NE
C.13	nsp3#T428I nsp5#G15S nsp6#L37F nsp9#P57S nsp12#P323L nsp13#G527V nsp16#Q158R S#D614G S#V1040F N#P80R ORF9b#Q77E N#RG203KR ORF9c#GE50NE
C.14	nsp3#H295Y nsp3#T428I nsp3#S1265I nsp3#N1587I nsp5#G15S nsp5#K90R nsp6#L37F nsp7#A80T nsp12#P323L nsp16#S33N nsp16#P134S S#S349P S#V382L S#D614G S#P681R S#A684V M#D3H ORF7a#V29L N#RG203KR ORF9c#GE50NE N#T391I
C.16	nsp2#A340V nsp3#E195K nsp3#T428I nsp3#K999N nsp4#A380V nsp5#G15S nsp9#T35I nsp12#P323L nsp14#A138V S#V367F S#L452R S#D614G S#V1228L N#RG203KR ORF9c#GE50NE
C.31	nsp3#T428I nsp5#G15S nsp8#S41F nsp12#P323L nsp15#L162F nsp15#S273G nsp16#R255S S#D614G S#K1073N ORF3a#Q185R ORF8#W45C N#D3Y ORF9c#A25V N#RG203KR ORF9c#GE50NE
C.33	nsp3#T428I nsp3#T725I nsp5#G15S nsp8#T141M nsp12#P323L nsp14#I397V S#D614G ORF3d#S34L ORF3d2#S10L ORF3a#H78Y M#A69S ORF8#Y73H N#RG203KR ORF9c#GE50NE
C.36	nsp1#E102K nsp2#T44I nsp3#A41V nsp3#Q180H nsp3#G255E nsp3#A416V nsp3#T428I nsp3#D821N nsp3#H1274Y nsp3#S1296F nsp3#P1469S nsp4#D459N nsp5#G15S nsp6#L122S nsp7#Q63R nsp8#T148I nsp12#P323L nsp12#V776L nsp13#A18V nsp13#A296S nsp13#N503Y nsp14#M169I nsp14#Y370F S#S12F S#S155N S#S255F S#L452R S#T572I S#D614G S#Q677H ORF3a#T175I ORF7b#A43S ORF9b#P10L ORF9c#A38V N#RG203KR ORF9c#GE50NE N#G212V ORF9c#A59S N#T362K
C.36.3	nsp1#V28I nsp1#E102K nsp2#T374I nsp2#L400F nsp3#A41V nsp3#T199I nsp3#T428I nsp3#D821N nsp3#T936I nsp3#P1200T nsp3#P1469S nsp4#D217N nsp4#D459N nsp5#G15S nsp6#S118L nsp6#L122S nsp8#E77D nsp8#T148I nsp12#P323L nsp12#A379V nsp12#A529V nsp13#D105Y nsp13#P529L S#S12F S#IHV68I ORF2b#YMS8S ORF2b#T39I S#W152R S#R346S S#L452R S#D614G S#Q677H S#A899S S#G1124V ORF3d#R53H ORF3d2#R29H ORF3a#V97I M#I82T ORF6#W27L ORF7b#A43S N#RG203KR ORF9c#GE50NE N#G212V ORF9c#A59S N#K256R N#V392L
C.37	nsp2#G339S nsp3#T428I nsp3#P1469S nsp3#F1569V nsp4#L438P nsp4#T492I nsp5#G15S nsp6#SGFK106K nsp12#P323L S#T22I S#G75V ORF2b#V15L S#T76I S#RSYLTPGD246N S#R273K S#L452Q S#V483F S#F490S S#D614G S#I714V S#T859N ORF7a#P84S ORF8#C25F ORF8#A51S ORF8#F120FZ N#P13L ORF9b#P10S ORF9c#T39I N#RG203KR ORF9c#GE50NE ORF9c#M60I N#G214C N#T366I
K.2	nsp2#P129L nsp3#V418F nsp3#A480V nsp5#K90R nsp12#K59N nsp12#P323L nsp13#P172S nsp14#T16I S#S591F S#D614G S#N679K ORF3a#R30H ORF3c#A9T ORF9b#R13L N#RG203KR ORF9c#GE50NE
L.3	nsp2#L266F nsp3#M560I nsp3#P1921L nsp4#Y300S nsp6#P198L nsp12#P323L nsp15#A137G nsp15#M209I S#L452R S#D614G S#Y1155F S#V1228L N#RG203KR ORF9c#GE50NE
N.9	nsp3#A54T nsp3#S1285F nsp3#A1711V nsp6#F36L nsp12#P323L nsp15#K12N S#E484K S#D614G ORF6#I33T ORF7b#E33A N#RG203KR ORF9c#GE50NE N#I292T
None	nsp2#T85I nsp2#P125S nsp2#T166I nsp6#L37F nsp12#P323L nsp12#D445G nsp12#M666I S#D614G S#H1159Y ORF3a#V13L ORF3a#Q57H ORF3c#R36I ORF3d#E14* ORF8#Q18* N#T205I ORF9c#L52F
P.1	nsp1#R24C nsp1#A90V nsp1#I114V nsp2#N250D nsp2#I389V nsp2#A518V nsp2#E527D nsp3#T186A nsp3#V238L nsp3#L312F nsp3#S370L nsp3#I458T nsp3#S699F nsp3#K977Q nsp3#T1002I nsp3#V1139I nsp3#S1206L nsp3#L1328F nsp3#N1329D nsp3#M1441R nsp3#P1867T nsp4#I95V nsp4#S184N nsp4#V403F nsp5#H246Y nsp6#SGFK106K nsp6#V171I nsp6#F184V nsp9#P57S nsp12#P323L nsp13#E261D nsp13#E341D nsp13#T431I nsp13#P504L nsp14#N176T nsp14#A360S nsp14#G481S nsp15#T114M S#L18F S#T20N S#P26S ORF2b#T39Z S#II100I S#D138Y S#E169D S#G181V S#R190S S#T376I S#K417T S#A475V S#E484K S#N501Y S#D614G S#H655Y S#E661D S#T678I S#D936Y S#T1027I S#V1176F S#V1189F ORF3a#K66N ORF3d#K23* ORF3d#C33Y ORF3d2#C9Y ORF3a#V77I ORF3a#V112F ORF3a#S177I ORF3a#G251C ORF3a#S253P ORF3a#V256F ORF3a#D265Y ORF7a#R25I ORF7a#T61I ORF7a#L96F ORF7a#P99L ORF7b#S5L ORF8#S69P ORF8#E92K N#P80R ORF9b#Q77E ORF9c#A48AZ N#RG203KR ORF9c#GE50NE N#P365S N#D402Y
P.1.9	nsp3#S370L nsp3#K977Q nsp3#Q1745H nsp6#SGFK106K nsp6#T180I nsp12#P323L nsp13#E341D S#L18F S#T20N S#P26S S#D138Y S#R190S S#K417T S#E484K S#N501Y S#D614G S#H655Y S#Q675H S#T1027I S#V1176F ORF3a#S253P ORF8#E92K N#P80R ORF9b#Q77E ORF9c#A48AZ N#RG203KR ORF9c#GE50NE
P.2	nsp2#A192V nsp2#G339S nsp3#V253A nsp3#V1897I nsp4#S386F nsp5#V35L nsp5#L205V nsp7#L71F nsp12#P323L nsp12#T586I nsp14#D345Y S#E484K S#D614G S#S939F S#V1176F M#D209Y ORF8#S97R N#A119S N#RG203KR ORF9c#GE50NE N#M234I
P.3	nsp2#Y316C nsp2#A419V nsp2#V425I nsp3#E522D nsp3#D736G nsp3#L1328F nsp3#S1807F nsp4#D217N nsp4#L438P nsp6#L22F nsp6#L37F nsp6#D112E nsp7#L71F nsp10#R134C nsp12#P232S nsp12#P323L nsp13#L280F nsp13#A368V nsp14#K155R nsp14#P239L S#P9L S#W64R S#FLGV140F S#FLGVY140F S#R214L S#ALH243H S#Y265C S#E484K S#N501Y S#D614G S#Q677H S#P681H S#E1092K S#H1101Y S#V1176F ORF7a#V93F ORF8#K2Q N#RG203KR ORF9c#GE50NE N#T391I N#Q418H
P.7	nsp3#P1469S nsp3#S1699F nsp3#V1770F nsp4#L264F nsp5#R60C nsp6#K109R nsp6#Q208H nsp7#L71F nsp12#P323L nsp12#T739I nsp14#P297S S#D614G S#A1026S S#V1176F ORF3a#T32I ORF3a#T151I N#P13L ORF9b#P10S N#RG203KR ORF9c#GE50NE ORF10#A8V ORF10#N22S
Q.1	nsp3#T183I nsp3#A890D nsp3#I1412T nsp6#SGFK106K nsp12#P323L nsp14#S369F nsp15#A81V S#IHV68I ORF2b#YMS8S S#VY143V S#N501Y S#A570D S#D614G S#P681H S#T716I S#S982A S#D1118H ORF8#Q27* ORF8#R52I ORF8#Y73C N#DN3LN N#RG203KR ORF9c#GE50NE N#S235F
Q.8	nsp2#T85I nsp3#T183I nsp3#L738F nsp3#A890D nsp3#I1412T nsp4#A146V nsp6#SGFK106K nsp8#T145I nsp12#P323L nsp14#A320V S#IHV68I ORF2b#YMS8S S#VY143V S#N501Y S#A570D S#D614G S#P681H S#T716I S#S982A S#D1118H ORF3a#R134H ORF3a#E194D ORF8#Q27* ORF8#R52I ORF8#K68* ORF8#Y73C N#DN3LN N#RG203KR ORF9c#GE50NE N#S235F
R.1	nsp3#V170F nsp3#A1279V nsp4#D85A nsp6#V84F nsp12#P323L nsp12#A529V nsp13#G439R nsp14#P412H S#W152L S#E484K S#D614G S#G769V ORF3a#T175I M#F28L N#S187L ORF9c#H34Y N#RG203KR ORF9c#GE50NE N#D343Y N#Q418H
W.1	nsp3#A85V nsp4#R112H nsp5#P108S nsp12#P323L S#A222V S#D614G S#V1068F ORF3a#W131C N#A220V ORF9c#L67F ORF10#V30L
